name,type,star_rating,review_sum,address,월opening_hours,월last_order_time,화opening_hours,화last_order_time,수opening_hours,수last_order_time,목opening_hours,목last_order_time,금opening_hours,금last_order_time,토opening_hours,토last_order_time,일opening_hours,일last_order_time,contact
트릴토리,이자카야,0.0,263,서울 마포구 망원로7길 54,18:30-23:30,22:30,18:30-23:30,22:30,18:30-23:30,22:30,휴무,정보 없음,18:30-23:30,22:30,17:30-23:30,22:30,17:30-23:30,22:30,010-4939-7496
해금도,술집,0.0,63,서울 마포구 망원로 63 1층,17:00-23:00,22:00,17:00-23:00,22:00,17:00-23:00,22:00,17:00-23:00,22:00,17:00-24:00,23:00,17:00-24:00,23:00,휴무,22:00,02-336-7656
서교주담 망원,요리주점,0.0,508,서울 마포구 포은로 82 1층,17:00-24:00,정보 없음,17:00-24:00,정보 없음,17:00-24:00,정보 없음,17:00-24:00,정보 없음,17:00-26:00,정보 없음,15:00-26:00,정보 없음,15:00-24:00,정보 없음,010-2633-7974
정주일가,요리주점,0.0,392,서울 마포구 포은로 66 1층 정주일가,18:00-26:00,01:00,18:00-26:00,01:00,18:00-26:00,01:00,18:00-26:00,01:00,18:00-26:00,01:00,17:00-26:00,01:00,17:00-26:00,01:00,0507-1396-4083
미자카야,이자카야,0.0,623,서울 마포구 포은로8길 5 1층,정보 없음,정보 없음,18:00-24:00,23:00,18:00-24:00,23:00,18:00-24:00,23:00,18:00-24:00,23:00,18:00-24:00,23:00,휴무,정보 없음,0507-1362-7637
너랑나랑호프,"맥주,호프",4.39,824,서울 마포구 월드컵로 61,16:30-26:00,정보 없음,16:30-26:00,정보 없음,16:30-26:00,정보 없음,16:30-26:00,정보 없음,16:30-26:00,정보 없음,16:30-26:00,정보 없음,16:30-26:00,정보 없음,010-4422-5157
복덕방내추럴막걸리집,요리주점,4.39,824,서울 마포구 포은로8길 5,휴무,정보 없음,휴무,정보 없음,18:00-24:00,23:00,18:00-24:00,23:00,18:00-24:00,23:00,16:00-24:00,23:00,16:00-24:00,정보 없음,070-8864-1414
웅장,요리주점,4.55,584,서울 마포구 포은로 73 1층,17:00-25:00,00:00,17:00-25:00,00:00,17:00-25:00,00:00,17:00-25:00,00:00,17:00-25:00,00:00,17:00-25:00,00:00,휴무,00:00,0507-1308-6389
구운,이자카야,4.6,504,서울 마포구 포은로 109 102호,18:00-24:00,23:00,18:00-24:00,23:00,18:00-24:00,23:00,18:00-24:00,23:00,18:00-24:00,23:00,18:00-24:00,23:00,휴무,23:00,02-322-5545
나나,이자카야,4.6,504,서울 마포구 희우정로20길 75 1층 나나,정보 없음,정보 없음,정보 없음,정보 없음,정보 없음,정보 없음,정보 없음,정보 없음,정보 없음,정보 없음,정보 없음,정보 없음,정보 없음,정보 없음,0507-1348-3237
화월,이자카야,4.61,257,서울 마포구 포은로 75 1층 화월,휴무,정보 없음,18:00-24:00,정보 없음,18:00-24:00,정보 없음,18:00-24:00,정보 없음,18:00-25:00,정보 없음,17:00-25:00,정보 없음,17:00-24:00,정보 없음,0507-1359-1716
리파인 망원,요리주점,4.75,233,서울 마포구 포은로 63 형섭빌딩 2층,17:00-25:00,정보 없음,휴무,정보 없음,17:00-25:00,정보 없음,17:00-25:00,정보 없음,17:00-26:00,정보 없음,17:00-26:00,정보 없음,17:00-25:00,정보 없음,0507-1346-3024
트릴로지,이자카야,0.0,295,서울 마포구 방울내로11길 26 101호,20:00-25:00,정보 없음,휴무,정보 없음,20:00-25:00,정보 없음,20:00-25:00,정보 없음,20:00-25:00,정보 없음,20:00-25:00,정보 없음,20:00-25:00,정보 없음,0507-1373-1799
꿩먹고알먹고,"맥주,호프",4.23,225,서울 마포구 망원로11길 6 2층,17:30-25:30,00:30,17:30-25:30,00:30,17:30-25:30,00:30,17:30-25:30,00:30,17:30-25:30,00:30,17:30-25:30,00:30,17:30-25:30,00:30,0507-1307-8305
망원 그곳,"맥주,호프",4.23,225,서울 마포구 월드컵로13길 19-19,18:00-26:00,정보 없음,18:00-26:00,정보 없음,18:00-26:00,정보 없음,18:00-26:00,정보 없음,18:00-27:00,정보 없음,18:00-27:00,정보 없음,18:00-25:00,정보 없음,010-3745-7037
살쾡이,요리주점,4.61,614,서울 마포구 포은로 86-1 1층 103호(망원동),18:30-25:00,00:00,18:30-25:00,00:00,휴무,정보 없음,18:30-25:00,00:00,18:00-26:00,01:00,18:00-26:00,01:00,18:30-25:00,00:00,0507-1358-5632
월명식당,이자카야,4.7,223,서울 마포구 방울내로 66 1층,17:00-26:00,정보 없음,17:00-26:00,정보 없음,17:00-26:00,정보 없음,17:00-26:00,정보 없음,17:00-26:00,정보 없음,17:00-26:00,정보 없음,휴무,정보 없음,010-5415-3562
세이슈,이자카야,4.7,223,서울 마포구 희우정로16길 54-5 2층,18:00-26:00,01:00,18:00-26:00,01:00,18:00-26:00,01:00,18:00-26:00,01:00,18:00-27:00,02:00,18:00-27:00,02:00,18:00-26:00,01:00,0507-1352-4083
PNPV,술집,0.0,111,서울 마포구 포은로 63 3층,19:00-27:00,정보 없음,19:00-27:00,정보 없음,19:00-27:00,정보 없음,19:00-27:00,정보 없음,19:00-27:00,정보 없음,19:00-27:00,정보 없음,19:00-27:00,정보 없음,0507-1380-6667
휴식당,요리주점,0.0,106,서울 마포구 동교로 43-1 1층 매장전화 부재시 01046342896,17:00-27:00,정보 없음,17:00-27:00,정보 없음,17:00-27:00,정보 없음,17:00-27:00,정보 없음,17:00-28:00,정보 없음,17:00-28:00,정보 없음,17:00-27:00,정보 없음,0507-1355-2896
호아,요리주점,0.0,105,서울 마포구 희우정로16길 17 지층,휴무,정보 없음,18:00-26:00,01:00,18:00-26:00,01:00,18:00-26:00,01:00,18:00-26:00,01:00,14:00-26:00,01:00,14:00-26:00,정보 없음,0507-1307-5938
트릴토리,이자카야,0.0,263,서울 마포구 망원로7길 54,18:30-23:30,22:30,18:30-23:30,22:30,18:30-23:30,22:30,휴무,정보 없음,18:30-23:30,22:30,17:30-23:30,22:30,17:30-23:30,22:30,010-4939-7496
반주,요리주점,0.0,87,서울 마포구 월드컵로19길 18 2층,18:00-25:00,정보 없음,18:00-25:00,정보 없음,18:00-25:00,정보 없음,18:00-25:00,정보 없음,18:00-26:00,정보 없음,18:00-26:00,정보 없음,18:00-24:00,정보 없음,0507-1426-3231
슌우,요리주점,0.0,40,서울 마포구 포은로 63 1층,17:00-26:00,01:00,17:00-26:00,01:00,17:00-26:00,01:00,17:00-26:00,01:00,17:00-26:00,01:00,16:00-26:00,01:00,16:00-26:00,01:00,0507-1377-5285
주로,요리주점,0.0,61,서울 마포구 월드컵로19길 42 2층,17:30-25:00,00:00,휴무,정보 없음,17:30-25:00,00:00,17:30-25:00,00:00,17:30-26:00,01:00,17:30-26:00,01:00,17:30-25:00,00:00,0507-1355-1575
오비비어,요리주점,0.0,81,서울 마포구 월드컵로29길 7,16:00-27:00,정보 없음,16:00-27:00,정보 없음,16:00-27:00,정보 없음,16:00-27:00,정보 없음,16:00-27:00,정보 없음,16:00-27:00,정보 없음,16:00-27:00,정보 없음,0507-1339-6338
한지,요리주점,0.0,223,서울 마포구 포은로 97-1,16:00-27:00,정보 없음,휴무,정보 없음,16:00-27:00,정보 없음,16:00-27:00,정보 없음,16:00-27:00,정보 없음,16:00-27:00,정보 없음,16:00-27:00,정보 없음,02-6082-2341
해진뒤,요리주점,4.82,780,서울 마포구 월드컵로23길 20 2층,휴무,정보 없음,17:00-21:50,정보 없음,17:00-21:50,정보 없음,17:00-24:00,정보 없음,17:00-24:00,정보 없음,17:00-24:00,정보 없음,휴무,정보 없음,0507-1372-2320
오복수산시장,요리주점,4.82,780,서울 마포구 포은로 78 1층 오복수산시장,휴무,정보 없음,17:00-25:00,정보 없음,17:00-25:00,정보 없음,17:00-25:00,정보 없음,17:00-25:00,정보 없음,17:00-25:00,정보 없음,17:00-25:00,정보 없음,0507-1312-9873
건어물라운지,"맥주,호프",4.3,298,서울 마포구 포은로 105,17:00-27:00,정보 없음,17:00-27:00,정보 없음,17:00-27:00,정보 없음,17:00-27:00,정보 없음,17:00-27:00,정보 없음,17:00-27:00,정보 없음,17:00-27:00,정보 없음,0507-1423-8955
녹턴사카바,바(BAR),4.38,292,서울 마포구 동교로 37,정보 없음,정보 없음,정보 없음,정보 없음,정보 없음,정보 없음,정보 없음,정보 없음,정보 없음,정보 없음,정보 없음,정보 없음,정보 없음,정보 없음,02-336-0710
노스터,바(BAR),4.54,351,서울 마포구 포은로 70 2층,휴무,정보 없음,17:00-27:00,정보 없음,17:00-27:00,정보 없음,17:00-27:00,정보 없음,17:00-27:00,정보 없음,17:00-27:00,정보 없음,17:00-27:00,정보 없음,0507-1478-5456
프로그,바(BAR),4.58,249,서울 마포구 포은로 61,18:00-24:00,정보 없음,18:00-24:00,정보 없음,18:00-24:00,정보 없음,18:00-24:00,정보 없음,18:00-24:00,정보 없음,18:00-24:00,정보 없음,휴무,정보 없음,0507-1328-4360
호랑이 라운지,바(BAR),4.58,249,서울 마포구 월드컵로 103-1 2층,19:00-26:00,01:30,19:00-26:00,01:30,19:00-26:00,01:30,19:00-26:00,01:30,19:00-26:00,01:30,19:00-26:00,01:30,19:00-26:00,01:30,0507-1467-1614
공작,와인,4.96,534,서울 마포구 희우정로12길 23 1층 101호,18:30-24:00,정보 없음,18:30-24:00,정보 없음,18:30-24:00,정보 없음,18:30-24:00,정보 없음,18:30-24:00,정보 없음,17:30-24:00,정보 없음,17:30-24:00,정보 없음,0507-1422-0227
꼬치주간,"오뎅,꼬치",4.96,534,서울 마포구 포은로 70-1,정보 없음,정보 없음,정보 없음,정보 없음,정보 없음,정보 없음,정보 없음,정보 없음,정보 없음,정보 없음,정보 없음,정보 없음,정보 없음,정보 없음,0507-1344-9599
시러스,와인,4.48,604,서울 마포구 동교로9길 56,17:00-24:00,정보 없음,정보 없음,정보 없음,17:00-24:00,정보 없음,17:00-24:00,정보 없음,17:00-24:00,정보 없음,15:00-24:00,정보 없음,15:00-24:00,정보 없음,0507-1316-1130
망원양화,요리주점,0.0,59,서울 마포구 동교로 33-3 1층 망원양화,17:00-26:00,01:00,17:00-26:00,01:00,17:00-26:00,01:00,정보 없음,정보 없음,17:00-26:00,01:00,17:00-26:00,01:00,17:00-26:00,01:00,0507-1354-4130
단바 서울,바(BAR),4.93,256,서울 마포구 망원로2길 87 1층,휴무,정보 없음,19:00-29:00,04:00,19:00-29:00,04:00,19:00-29:00,04:00,19:00-29:00,04:00,14:00-29:00,04:00,14:00-29:00,정보 없음,0507-1351-4149
선술집 위군,요리주점,4.93,256,서울 마포구 포은로 74 1층,휴무,정보 없음,18:00-24:00,정보 없음,18:00-24:00,정보 없음,18:00-24:00,정보 없음,18:00-24:00,정보 없음,18:00-24:00,정보 없음,휴무,정보 없음,02-6083-5628
나이트엔데이,바(BAR),4.6,234,"서울 마포구 희우정로10길 15 상가동 112호, 113호",정보 없음,정보 없음,정보 없음,정보 없음,정보 없음,정보 없음,정보 없음,정보 없음,정보 없음,정보 없음,정보 없음,정보 없음,정보 없음,정보 없음,0507-1435-9942
망원엣지 망리단길점,술집,0.0,99,서울 마포구 월드컵로11길 46-14 parc 39 빌딩 4층,15:00-25:00,00:00,휴무,정보 없음,15:00-25:00,00:00,15:00-25:00,00:00,15:00-25:00,00:00,14:00-25:00,00:00,14:00-24:00,00:00,0507-1376-4504
슌우,요리주점,0.0,40,서울 마포구 포은로 63 1층,17:00-26:00,01:00,17:00-26:00,01:00,17:00-26:00,01:00,17:00-26:00,01:00,17:00-26:00,01:00,16:00-26:00,01:00,16:00-26:00,01:00,0507-1377-5285
책바,요리주점,4.6,518,서울 마포구 포은로 90 301호,휴무,정보 없음,18:30-25:30,정보 없음,18:30-25:30,정보 없음,18:30-25:30,정보 없음,18:30-25:30,정보 없음,정보 없음,정보 없음,휴무,정보 없음,0507-1402-5858
로바타 우직,요리주점,4.6,518,서울 마포구 포은로 86-1 1층,18:00-25:00,00:30,18:00-25:00,00:30,18:00-25:00,00:30,18:00-25:00,00:30,18:00-25:00,00:30,17:00-25:00,00:30,17:00-25:00,00:30,0507-1373-7481
망원연속체,바(BAR),0.0,142,서울 마포구 동교로 55 2층,17:00-23:30,정보 없음,17:00-23:30,정보 없음,17:00-23:30,정보 없음,17:00-23:30,정보 없음,17:00-23:30,정보 없음,14:00-23:30,정보 없음,14:00-23:30,정보 없음,0507-1394-3845
사토,이자카야,0.0,82,서울 마포구 희우정로16길 53 1층,18:00-25:00,00:00,18:00-25:00,00:00,18:00-25:00,00:00,휴무,정보 없음,18:00-25:00,00:00,18:00-25:00,00:00,18:00-25:00,00:00,0507-1346-1630
철길부산집 망원점,이자카야,0.0,88,서울 마포구 포은로 117 . 1층 1-4호,17:00-26:00,01:00,휴무,정보 없음,17:00-26:00,01:00,17:00-26:00,01:00,17:00-26:00,01:00,17:00-26:00,01:00,17:00-26:00,01:00,0507-1378-8642
위드바틀,와인,5,198,서울 마포구 월드컵로13길 19-23 2층 201호,15:00-23:00,정보 없음,15:00-23:00,정보 없음,15:00-23:00,정보 없음,15:00-23:00,정보 없음,15:00-24:00,정보 없음,15:00-24:00,정보 없음,14:00-21:00,정보 없음,0507-1459-6040
갑,이자카야,5,198,서울 마포구 월드컵로19길 8 지하1층,18:00-24:00,정보 없음,18:00-24:00,정보 없음,18:00-24:00,정보 없음,18:00-24:00,정보 없음,17:30-25:00,정보 없음,17:30-25:00,정보 없음,18:00-23:30,정보 없음,010-3838-6160
뱃놀이,요리주점,4.54,187,서울 마포구 월드컵로23길 5 반지층,18:00-24:00,23:00,18:00-24:00,23:00,휴무,정보 없음,18:00-24:00,23:00,17:00-25:00,00:00,17:00-25:00,00:00,17:00-25:00,23:00,0507-1489-7949
해금도,술집,4.82,398,서울 마포구 망원로 63 1층,정보 없음,정보 없음,정보 없음,정보 없음,정보 없음,정보 없음,정보 없음,정보 없음,정보 없음,정보 없음,정보 없음,정보 없음,정보 없음,정보 없음,02-336-7656
케그샵 프리미엄수제맥주&전통주 셀렉샵 망원한강점,"맥주,호프",0.0,18,서울 마포구 망원로 1 6호 (102호),휴무,정보 없음,17:30-26:00,정보 없음,17:30-26:00,정보 없음,17:30-26:00,정보 없음,17:30-26:00,정보 없음,15:00-25:00,정보 없음,15:00-25:00,정보 없음,0507-1421-6204
망원도,바(BAR),4.19,332,서울 마포구 포은로 75,18:30-25:00,정보 없음,18:30-25:00,정보 없음,18:30-25:00,정보 없음,18:30-25:00,정보 없음,18:30-26:00,정보 없음,18:30-26:00,정보 없음,18:00-25:00,정보 없음,0507-1423-2022
트릴토리,이자카야,4.19,332,서울 마포구 망원로7길 54,18:30-23:30,22:30,18:30-23:30,22:30,18:30-23:30,22:30,휴무,정보 없음,18:30-23:30,22:30,17:30-23:30,22:30,17:30-23:30,22:30,010-4939-7496
해금도,술집,0.0,63,서울 마포구 망원로 63 1층,17:00-23:00,22:00,17:00-23:00,22:00,17:00-23:00,22:00,17:00-23:00,22:00,17:00-24:00,23:00,17:00-24:00,23:00,휴무,22:00,02-336-7656
서교주담 망원,요리주점,0.0,508,서울 마포구 포은로 82 1층,17:00-24:00,정보 없음,17:00-24:00,정보 없음,17:00-24:00,정보 없음,17:00-24:00,정보 없음,17:00-26:00,정보 없음,15:00-26:00,정보 없음,15:00-24:00,정보 없음,010-2633-7974
정주일가,요리주점,0.0,392,서울 마포구 포은로 66 1층 정주일가,18:00-26:00,01:00,18:00-26:00,01:00,18:00-26:00,01:00,18:00-26:00,01:00,18:00-26:00,01:00,17:00-26:00,01:00,17:00-26:00,01:00,0507-1396-4083
미자카야,이자카야,0.0,623,서울 마포구 포은로8길 5 1층,정보 없음,정보 없음,18:00-24:00,23:00,18:00-24:00,23:00,18:00-24:00,23:00,18:00-24:00,23:00,18:00-24:00,23:00,휴무,정보 없음,0507-1362-7637
너랑나랑호프,"맥주,호프",4.39,824,서울 마포구 월드컵로 61,16:30-26:00,정보 없음,16:30-26:00,정보 없음,16:30-26:00,정보 없음,16:30-26:00,정보 없음,16:30-26:00,정보 없음,16:30-26:00,정보 없음,16:30-26:00,정보 없음,010-4422-5157
복덕방내추럴막걸리집,요리주점,4.39,824,서울 마포구 포은로8길 5,휴무,정보 없음,휴무,정보 없음,18:00-24:00,23:00,18:00-24:00,23:00,18:00-24:00,23:00,16:00-24:00,23:00,16:00-24:00,정보 없음,070-8864-1414
웅장,요리주점,4.55,584,서울 마포구 포은로 73 1층,17:00-25:00,00:00,17:00-25:00,00:00,17:00-25:00,00:00,17:00-25:00,00:00,17:00-25:00,00:00,17:00-25:00,00:00,휴무,00:00,0507-1308-6389
구운,이자카야,4.6,504,서울 마포구 포은로 109 102호,18:00-24:00,23:00,18:00-24:00,23:00,18:00-24:00,23:00,18:00-24:00,23:00,18:00-24:00,23:00,18:00-24:00,23:00,휴무,23:00,02-322-5545
나나,이자카야,4.6,504,서울 마포구 희우정로20길 75 1층 나나,휴무,정보 없음,17:00-24:00,정보 없음,17:00-24:00,정보 없음,17:00-24:00,정보 없음,17:00-25:00,정보 없음,17:00-25:00,정보 없음,17:00-24:00,정보 없음,0507-1348-3237
화월,이자카야,4.61,257,서울 마포구 포은로 75 1층 화월,정보 없음,정보 없음,정보 없음,정보 없음,정보 없음,정보 없음,정보 없음,정보 없음,정보 없음,정보 없음,정보 없음,정보 없음,정보 없음,정보 없음,0507-1359-1716
리파인 망원,요리주점,4.75,233,서울 마포구 포은로 63 형섭빌딩 2층,17:00-25:00,정보 없음,휴무,정보 없음,17:00-25:00,정보 없음,17:00-25:00,정보 없음,17:00-26:00,정보 없음,17:00-26:00,정보 없음,17:00-25:00,정보 없음,0507-1346-3024
트릴로지,이자카야,0.0,295,서울 마포구 방울내로11길 26 101호,20:00-25:00,정보 없음,휴무,정보 없음,20:00-25:00,정보 없음,20:00-25:00,정보 없음,20:00-25:00,정보 없음,20:00-25:00,정보 없음,20:00-25:00,정보 없음,0507-1373-1799
꿩먹고알먹고,"맥주,호프",4.23,225,서울 마포구 망원로11길 6 2층,17:30-25:30,00:30,17:30-25:30,00:30,17:30-25:30,00:30,17:30-25:30,00:30,17:30-25:30,00:30,17:30-25:30,00:30,17:30-25:30,00:30,0507-1307-8305
망원 그곳,"맥주,호프",4.23,225,서울 마포구 월드컵로13길 19-19,정보 없음,정보 없음,정보 없음,정보 없음,정보 없음,정보 없음,정보 없음,정보 없음,정보 없음,정보 없음,정보 없음,정보 없음,정보 없음,정보 없음,010-3745-7037
살쾡이,요리주점,4.61,614,서울 마포구 포은로 86-1 1층 103호(망원동),18:30-25:00,00:00,18:30-25:00,00:00,휴무,정보 없음,18:30-25:00,00:00,18:00-26:00,01:00,18:00-26:00,01:00,18:30-25:00,00:00,0507-1358-5632
월명식당,이자카야,4.7,223,서울 마포구 방울내로 66 1층,17:00-26:00,정보 없음,17:00-26:00,정보 없음,17:00-26:00,정보 없음,17:00-26:00,정보 없음,17:00-26:00,정보 없음,17:00-26:00,정보 없음,휴무,정보 없음,010-5415-3562
세이슈,이자카야,4.7,223,서울 마포구 희우정로16길 54-5 2층,18:00-26:00,01:00,18:00-26:00,01:00,18:00-26:00,01:00,18:00-26:00,01:00,18:00-27:00,02:00,18:00-27:00,02:00,18:00-26:00,01:00,0507-1352-4083
PNPV,술집,0.0,111,서울 마포구 포은로 63 3층,19:00-27:00,정보 없음,19:00-27:00,정보 없음,19:00-27:00,정보 없음,19:00-27:00,정보 없음,19:00-27:00,정보 없음,19:00-27:00,정보 없음,19:00-27:00,정보 없음,0507-1380-6667
휴식당,요리주점,0.0,106,서울 마포구 동교로 43-1 1층 매장전화 부재시 01046342896,17:00-27:00,정보 없음,17:00-27:00,정보 없음,17:00-27:00,정보 없음,17:00-27:00,정보 없음,17:00-28:00,정보 없음,17:00-28:00,정보 없음,17:00-27:00,정보 없음,0507-1355-2896
호아,요리주점,0.0,105,서울 마포구 희우정로16길 17 지층,휴무,정보 없음,18:00-26:00,01:00,18:00-26:00,01:00,18:00-26:00,01:00,18:00-26:00,01:00,14:00-26:00,01:00,14:00-26:00,정보 없음,0507-1307-5938
트릴토리,이자카야,0.0,263,서울 마포구 망원로7길 54,18:30-23:30,22:30,18:30-23:30,22:30,18:30-23:30,22:30,휴무,정보 없음,18:30-23:30,22:30,17:30-23:30,22:30,17:30-23:30,22:30,010-4939-7496
반주,요리주점,0.0,87,서울 마포구 월드컵로19길 18 2층,18:00-25:00,정보 없음,18:00-25:00,정보 없음,18:00-25:00,정보 없음,18:00-25:00,정보 없음,18:00-26:00,정보 없음,18:00-26:00,정보 없음,18:00-24:00,정보 없음,0507-1426-3231
슌우,요리주점,0.0,40,서울 마포구 포은로 63 1층,17:00-26:00,01:00,17:00-26:00,01:00,17:00-26:00,01:00,17:00-26:00,01:00,17:00-26:00,01:00,16:00-26:00,01:00,16:00-26:00,01:00,0507-1377-5285
주로,요리주점,0.0,61,서울 마포구 월드컵로19길 42 2층,17:30-25:00,00:00,휴무,정보 없음,17:30-25:00,00:00,17:30-25:00,00:00,17:30-26:00,01:00,17:30-26:00,01:00,17:30-25:00,00:00,0507-1355-1575
오비비어,요리주점,0.0,81,서울 마포구 월드컵로29길 7,16:00-27:00,정보 없음,16:00-27:00,정보 없음,16:00-27:00,정보 없음,16:00-27:00,정보 없음,16:00-27:00,정보 없음,16:00-27:00,정보 없음,16:00-27:00,정보 없음,0507-1339-6338
한지,요리주점,0.0,223,서울 마포구 포은로 97-1,16:00-27:00,정보 없음,휴무,정보 없음,16:00-27:00,정보 없음,16:00-27:00,정보 없음,16:00-27:00,정보 없음,16:00-27:00,정보 없음,16:00-27:00,정보 없음,02-6082-2341
해진뒤,요리주점,4.82,780,서울 마포구 월드컵로23길 20 2층,휴무,정보 없음,17:00-21:50,정보 없음,17:00-21:50,정보 없음,17:00-24:00,정보 없음,17:00-24:00,정보 없음,17:00-24:00,정보 없음,휴무,정보 없음,0507-1372-2320
오복수산시장,요리주점,4.82,780,서울 마포구 포은로 78 1층 오복수산시장,휴무,정보 없음,17:00-25:00,정보 없음,17:00-25:00,정보 없음,17:00-25:00,정보 없음,17:00-25:00,정보 없음,17:00-25:00,정보 없음,17:00-25:00,정보 없음,0507-1312-9873
건어물라운지,"맥주,호프",4.3,298,서울 마포구 포은로 105,17:00-27:00,정보 없음,17:00-27:00,정보 없음,17:00-27:00,정보 없음,17:00-27:00,정보 없음,17:00-27:00,정보 없음,17:00-27:00,정보 없음,17:00-27:00,정보 없음,0507-1423-8955
녹턴사카바,바(BAR),4.38,292,서울 마포구 동교로 37,정보 없음,정보 없음,정보 없음,정보 없음,정보 없음,정보 없음,정보 없음,정보 없음,정보 없음,정보 없음,정보 없음,정보 없음,정보 없음,정보 없음,02-336-0710
노스터,바(BAR),4.54,351,서울 마포구 포은로 70 2층,정보 없음,정보 없음,정보 없음,정보 없음,정보 없음,정보 없음,정보 없음,정보 없음,정보 없음,정보 없음,정보 없음,정보 없음,정보 없음,정보 없음,0507-1478-5456
프로그,바(BAR),4.58,249,서울 마포구 포은로 61,18:00-24:00,정보 없음,18:00-24:00,정보 없음,18:00-24:00,정보 없음,18:00-24:00,정보 없음,18:00-24:00,정보 없음,18:00-24:00,정보 없음,휴무,정보 없음,0507-1328-4360
호랑이 라운지,바(BAR),4.58,249,서울 마포구 월드컵로 103-1 2층,정보 없음,정보 없음,정보 없음,정보 없음,정보 없음,정보 없음,정보 없음,정보 없음,정보 없음,정보 없음,정보 없음,정보 없음,정보 없음,정보 없음,0507-1467-1614
공작,와인,4.96,534,서울 마포구 희우정로12길 23 1층 101호,18:30-24:00,정보 없음,18:30-24:00,정보 없음,18:30-24:00,정보 없음,18:30-24:00,정보 없음,18:30-24:00,정보 없음,17:30-24:00,정보 없음,17:30-24:00,정보 없음,0507-1422-0227
꼬치주간,"오뎅,꼬치",4.96,534,서울 마포구 포은로 70-1,17:00-26:00,정보 없음,17:00-26:00,정보 없음,17:00-26:00,정보 없음,17:00-26:00,정보 없음,17:00-26:00,정보 없음,17:00-26:00,정보 없음,17:00-26:00,정보 없음,0507-1344-9599
시러스,와인,4.48,604,서울 마포구 동교로9길 56,정보 없음,정보 없음,정보 없음,정보 없음,정보 없음,정보 없음,정보 없음,정보 없음,정보 없음,정보 없음,정보 없음,정보 없음,정보 없음,정보 없음,0507-1316-1130
망원양화,요리주점,0.0,59,서울 마포구 동교로 33-3 1층 망원양화,17:00-26:00,01:00,17:00-26:00,01:00,17:00-26:00,01:00,정보 없음,정보 없음,17:00-26:00,01:00,17:00-26:00,01:00,17:00-26:00,01:00,0507-1354-4130
단바 서울,바(BAR),4.93,256,서울 마포구 망원로2길 87 1층,휴무,정보 없음,19:00-29:00,04:00,19:00-29:00,04:00,19:00-29:00,04:00,19:00-29:00,04:00,14:00-29:00,04:00,14:00-29:00,정보 없음,0507-1351-4149
선술집 위군,요리주점,4.93,256,서울 마포구 포은로 74 1층,휴무,정보 없음,18:00-24:00,정보 없음,18:00-24:00,정보 없음,18:00-24:00,정보 없음,18:00-24:00,정보 없음,18:00-24:00,정보 없음,휴무,정보 없음,02-6083-5628
나이트엔데이,바(BAR),4.6,234,"서울 마포구 희우정로10길 15 상가동 112호, 113호",12:00-24:00,정보 없음,12:00-24:00,정보 없음,12:00-24:00,정보 없음,12:00-24:00,정보 없음,12:00-26:00,정보 없음,12:00-26:00,정보 없음,12:00-26:00,정보 없음,0507-1435-9942
망원엣지 망리단길점,술집,0.0,99,서울 마포구 월드컵로11길 46-14 parc 39 빌딩 4층,15:00-25:00,00:00,휴무,정보 없음,15:00-25:00,00:00,15:00-25:00,00:00,15:00-25:00,00:00,14:00-25:00,00:00,14:00-24:00,00:00,0507-1376-4504
슌우,요리주점,0.0,40,서울 마포구 포은로 63 1층,17:00-26:00,01:00,17:00-26:00,01:00,17:00-26:00,01:00,17:00-26:00,01:00,17:00-26:00,01:00,16:00-26:00,01:00,16:00-26:00,01:00,0507-1377-5285
책바,요리주점,4.6,518,서울 마포구 포은로 90 301호,휴무,정보 없음,18:30-25:30,정보 없음,18:30-25:30,정보 없음,18:30-25:30,정보 없음,18:30-25:30,정보 없음,정보 없음,정보 없음,휴무,정보 없음,0507-1402-5858
로바타 우직,요리주점,4.6,518,서울 마포구 포은로 86-1 1층,18:00-25:00,00:30,18:00-25:00,00:30,18:00-25:00,00:30,18:00-25:00,00:30,18:00-25:00,00:30,17:00-25:00,00:30,17:00-25:00,00:30,0507-1373-7481
망원연속체,바(BAR),0.0,142,서울 마포구 동교로 55 2층,17:00-23:30,정보 없음,17:00-23:30,정보 없음,17:00-23:30,정보 없음,17:00-23:30,정보 없음,17:00-23:30,정보 없음,14:00-23:30,정보 없음,14:00-23:30,정보 없음,0507-1394-3845
사토,이자카야,0.0,82,서울 마포구 희우정로16길 53 1층,18:00-25:00,00:00,18:00-25:00,00:00,18:00-25:00,00:00,휴무,정보 없음,18:00-25:00,00:00,18:00-25:00,00:00,18:00-25:00,00:00,0507-1346-1630
철길부산집 망원점,이자카야,0.0,88,서울 마포구 포은로 117 . 1층 1-4호,17:00-26:00,01:00,휴무,정보 없음,17:00-26:00,01:00,17:00-26:00,01:00,17:00-26:00,01:00,17:00-26:00,01:00,17:00-26:00,01:00,0507-1378-8642
위드바틀,와인,5,198,서울 마포구 월드컵로13길 19-23 2층 201호,15:00-23:00,정보 없음,15:00-23:00,정보 없음,15:00-23:00,정보 없음,15:00-23:00,정보 없음,15:00-24:00,정보 없음,15:00-24:00,정보 없음,14:00-21:00,정보 없음,0507-1459-6040
갑,이자카야,5,198,서울 마포구 월드컵로19길 8 지하1층,18:00-24:00,정보 없음,18:00-24:00,정보 없음,18:00-24:00,정보 없음,18:00-24:00,정보 없음,17:30-25:00,정보 없음,17:30-25:00,정보 없음,18:00-23:30,정보 없음,010-3838-6160
뱃놀이,요리주점,4.54,187,서울 마포구 월드컵로23길 5 반지층,18:00-24:00,23:00,18:00-24:00,23:00,휴무,정보 없음,18:00-24:00,23:00,17:00-25:00,00:00,17:00-25:00,00:00,17:00-25:00,23:00,0507-1489-7949
해금도,술집,4.82,398,서울 마포구 망원로 63 1층,정보 없음,정보 없음,정보 없음,정보 없음,정보 없음,정보 없음,정보 없음,정보 없음,정보 없음,정보 없음,정보 없음,정보 없음,정보 없음,정보 없음,02-336-7656
케그샵 프리미엄수제맥주&전통주 셀렉샵 망원한강점,"맥주,호프",0.0,18,서울 마포구 망원로 1 6호 (102호),휴무,정보 없음,17:30-26:00,정보 없음,17:30-26:00,정보 없음,17:30-26:00,정보 없음,17:30-26:00,정보 없음,15:00-25:00,정보 없음,15:00-25:00,정보 없음,0507-1421-6204
망원도,바(BAR),4.19,332,서울 마포구 포은로 75,18:30-25:00,정보 없음,18:30-25:00,정보 없음,18:30-25:00,정보 없음,18:30-25:00,정보 없음,18:30-26:00,정보 없음,18:30-26:00,정보 없음,18:00-25:00,정보 없음,0507-1423-2022
시장맥주,"맥주,호프",4.19,332,서울 마포구 월드컵로13길 60 2층,18:00-25:00,정보 없음,18:00-25:00,정보 없음,18:00-25:00,정보 없음,18:00-25:00,정보 없음,18:00-25:00,정보 없음,18:00-25:00,정보 없음,18:00-25:00,정보 없음,0507-1319-2841
리틀스탠드레몽,요리주점,4.45,411,서울 마포구 방울내로 24-1 1층,휴무,정보 없음,15:00-23:00,정보 없음,15:00-23:00,정보 없음,15:00-23:00,정보 없음,15:00-23:00,정보 없음,15:00-23:00,정보 없음,15:00-23:00,정보 없음,0507-1376-4535
아마,와인,4.92,197,서울 마포구 희우정로16길 46 1층 102호,휴무,정보 없음,18:00-25:00,23:50,18:00-25:00,23:50,15:00-25:00,23:50,15:00-25:00,23:50,15:00-25:00,23:50,휴무,정보 없음,0507-1310-2620
아루감,바(BAR),4.92,197,"서울 마포구 월드컵로19길 8 2,3층",18:00-26:00,정보 없음,18:00-26:00,정보 없음,18:00-26:00,정보 없음,18:00-26:00,정보 없음,18:00-26:00,정보 없음,16:00-26:00,정보 없음,16:00-24:00,정보 없음,0507-1406-3213
역전할머니맥주 망원점,"맥주,호프",4.52,372,서울 마포구 동교로9길 51,17:00-29:00,정보 없음,17:00-29:00,정보 없음,17:00-29:00,정보 없음,17:00-29:00,정보 없음,17:00-29:00,정보 없음,16:00-29:00,정보 없음,16:00-29:00,정보 없음,02-332-1984
주에뉘,바(BAR),4.39,761,서울 마포구 월드컵로15길 17 1층 주에뉘,12:00-25:00,00:30,휴무,정보 없음,12:00-25:00,00:30,12:00-25:00,00:30,12:00-26:00,01:30,12:00-26:00,01:30,12:00-25:00,00:30,0507-1378-2383
홍타하우스,요리주점,0.0,74,서울 마포구 희우정로16길 54 세림빌딩 101호,18:00-25:00,정보 없음,18:00-25:00,정보 없음,18:00-25:00,정보 없음,18:00-25:00,정보 없음,18:00-25:00,정보 없음,18:00-25:00,정보 없음,휴무,정보 없음,0507-1312-8097
선술집 순,이자카야,0.0,85,서울 마포구 월드컵로15길 40 선술집 순,18:00-28:00,02:30,휴무,정보 없음,18:00-28:00,02:30,18:00-28:00,02:30,18:00-28:00,02:30,18:00-28:00,02:30,18:00-28:00,02:30,0507-1389-4045
루바토와인,와인,4.93,606,서울 마포구 월드컵로19길 95 1층,휴무,정보 없음,휴무,정보 없음,17:00-24:00,정보 없음,17:00-24:00,정보 없음,17:00-24:00,정보 없음,17:00-24:00,정보 없음,17:00-24:00,정보 없음,010-2135-9450
살롱드낭만,바(BAR),4.93,606,서울 마포구 월드컵로23길 20 1층 오른쪽,휴무,정보 없음,19:00-27:00,정보 없음,19:00-27:00,정보 없음,19:00-27:00,정보 없음,19:00-27:00,정보 없음,19:00-27:00,정보 없음,19:00-24:00,정보 없음,0507-1337-8684
코멘터리사운드 와인샵 & 와인바,와인,4.92,119,서울 마포구 월드컵로23길 18 201호,휴무,정보 없음,18:00-24:00,23:30,18:00-24:00,23:30,18:00-24:00,23:30,18:00-24:00,23:30,15:00-24:00,23:30,15:00-22:00,정보 없음,0507-1425-2281
새벽애 샹들리에포차,요리주점,4.4,87,서울 마포구 동교로9길 57 2층 새벽애,15:00-29:00,04:30,15:00-29:00,04:30,15:00-29:00,04:30,15:00-29:00,04:30,15:00-29:00,04:30,15:00-29:00,04:30,15:00-29:00,04:30,02-537-1110
포트앤나달,와인,4.4,87,서울 마포구 월드컵로23길 19 2층,정보 없음,정보 없음,정보 없음,정보 없음,정보 없음,정보 없음,정보 없음,정보 없음,정보 없음,정보 없음,정보 없음,정보 없음,정보 없음,정보 없음,0507-1319-7793
부산본가,"전통,민속주점",4.91,128,서울 마포구 망원로 7-1,18:00-26:00,정보 없음,18:00-26:00,정보 없음,18:00-26:00,정보 없음,18:00-26:00,정보 없음,18:00-26:00,정보 없음,18:00-26:00,정보 없음,18:00-26:00,정보 없음,010-8461-6611
반주,요리주점,4.45,120,서울 마포구 월드컵로19길 18 2층,18:00-25:00,정보 없음,18:00-25:00,정보 없음,18:00-25:00,정보 없음,18:00-25:00,정보 없음,18:00-26:00,정보 없음,18:00-26:00,정보 없음,18:00-24:00,정보 없음,0507-1426-3231
포도당,와인,4.84,128,서울 마포구 포은로 142 CM빌딩 1층,18:00-26:00,정보 없음,18:00-26:00,정보 없음,18:00-26:00,정보 없음,18:00-26:00,정보 없음,18:00-26:00,정보 없음,17:00-26:00,정보 없음,17:00-26:00,정보 없음,0507-1380-6612
망원바이브,바(BAR),4.84,128,서울 마포구 희우정로 70 지층 1호,휴무,정보 없음,14:00-22:00,21:30,14:00-22:00,21:30,14:00-22:00,21:30,14:00-22:00,21:30,14:00-22:00,21:30,14:00-22:00,정보 없음,정보 없음
더파인트,"맥주,호프",0.0,58,서울 마포구 월드컵로23길 5 2층,18:00-26:00,정보 없음,18:00-26:00,정보 없음,18:00-26:00,정보 없음,18:00-26:00,정보 없음,18:00-26:00,정보 없음,18:00-26:00,정보 없음,18:00-26:00,정보 없음,0507-1316-0410
크라운호프 망원점,"맥주,호프",0.0,240,서울 마포구 월드컵로 133 1층,17:00-27:00,정보 없음,17:00-27:00,정보 없음,17:00-27:00,정보 없음,17:00-27:00,정보 없음,17:00-27:00,정보 없음,17:00-27:00,정보 없음,17:00-27:00,정보 없음,0507-1381-0725
섬,이자카야,4.59,284,서울 마포구 희우정로 103,휴무,정보 없음,17:00-27:00,정보 없음,17:00-27:00,정보 없음,17:00-27:00,정보 없음,17:00-27:00,정보 없음,17:00-27:00,정보 없음,17:00-27:00,정보 없음,010-8955-3600
오코노미야키골드,이자카야,4.59,284,서울 마포구 방울내로 67 1층,정보 없음,정보 없음,정보 없음,정보 없음,정보 없음,정보 없음,정보 없음,정보 없음,정보 없음,정보 없음,정보 없음,정보 없음,정보 없음,정보 없음,0507-1325-8615
코지식탁,이자카야,0.0,54,서울 마포구 월드컵로19길 18 1.5층,휴무,정보 없음,16:00-25:00,00:00,16:00-25:00,00:00,16:00-25:00,00:00,16:00-26:00,01:00,16:00-26:00,01:00,16:00-24:00,정보 없음,0507-1408-2646
글래스트레인,바(BAR),4.91,107,서울 마포구 포은로 61 1층,19:00-25:00,정보 없음,19:00-25:00,정보 없음,19:00-25:00,정보 없음,19:00-25:00,정보 없음,19:00-25:00,정보 없음,19:00-25:00,정보 없음,19:00-25:00,정보 없음,0507-1355-9059
나들목빈대떡,"전통,민속주점",4.91,107,서울 마포구 동교로 33,17:00-26:00,정보 없음,17:00-26:00,정보 없음,17:00-26:00,정보 없음,17:00-26:00,정보 없음,17:00-26:00,정보 없음,17:00-26:00,정보 없음,17:00-26:00,정보 없음,02-324-5086
초쿤바,바(BAR),4.51,264,서울 마포구 망원로6길 49 2층,19:00-25:00,정보 없음,휴무,정보 없음,19:00-26:00,정보 없음,19:00-26:00,정보 없음,19:00-26:00,정보 없음,18:00-26:00,정보 없음,18:00-25:00,정보 없음,0507-1494-7017
하이에나,요리주점,4.99,170,서울 마포구 월드컵로19길 12 2층,정보 없음,정보 없음,정보 없음,정보 없음,정보 없음,정보 없음,정보 없음,정보 없음,정보 없음,정보 없음,정보 없음,정보 없음,정보 없음,정보 없음,070-4042-1536
소파,바(BAR),4.75,84,서울 마포구 희우정로10길 15 103호,휴무,정보 없음,18:00-26:00,01:30,18:00-26:00,01:30,18:00-26:00,01:30,18:00-26:00,01:30,18:00-26:00,01:30,18:00-26:00,정보 없음,0507-1371-6091
낮도깨비 밤도깨비,와인,4.69,106,서울 마포구 월드컵로15길 76 1층,12:00-23:00,22:00,휴무,정보 없음,12:00-23:00,22:00,12:00-23:00,22:00,12:00-23:00,22:00,12:00-23:00,22:00,12:00-18:00,22:00,0507-1339-9807
치꼬뱅,"맥주,호프",4.69,106,서울 마포구 방울내로 68,11:30-25:00,정보 없음,11:30-25:00,정보 없음,11:30-25:00,정보 없음,11:30-25:00,정보 없음,11:30-25:00,정보 없음,11:30-25:00,정보 없음,11:30-25:00,정보 없음,0507-1421-2303
스윗브릿지,와인,0.0,77,서울 마포구 마포나루길 435 3층 302호,17:00-24:00,정보 없음,휴무,정보 없음,17:00-24:00,정보 없음,17:00-24:00,정보 없음,17:00-24:00,정보 없음,17:00-24:00,정보 없음,17:00-24:00,정보 없음,정보 없음
망원튀맥집,"맥주,호프",4.32,0,서울 마포구 망원로8길 29,11:00-23:00,정보 없음,11:00-23:00,정보 없음,11:00-23:00,정보 없음,11:00-23:00,정보 없음,11:00-23:00,정보 없음,11:00-23:00,정보 없음,11:00-23:00,정보 없음,정보 없음
바코드포차,포장마차,4.32,0,서울 마포구 포은로 75 1층,휴무,정보 없음,17:00-28:00,정보 없음,17:00-28:00,정보 없음,17:00-28:00,정보 없음,17:00-28:00,정보 없음,17:00-28:00,정보 없음,17:00-28:00,정보 없음,0507-1385-6061
101호,바(BAR),4.96,137,서울 마포구 희우정로 128 1층 녹색문,19:00-24:00,23:30,휴무,정보 없음,휴무,정보 없음,휴무,정보 없음,휴무,정보 없음,휴무,정보 없음,휴무,23:30,02-3143-1015
즐거운포차,포장마차,4.14,92,서울 마포구 동교로 27-1,17:00-26:30,정보 없음,17:00-26:30,정보 없음,17:00-26:30,정보 없음,17:00-26:30,정보 없음,17:00-26:30,정보 없음,17:00-26:30,정보 없음,휴무,정보 없음,010-5248-0633
진가식탁,요리주점,4.45,117,서울 마포구 월드컵로21길 18 지층,11:30-23:00,16:00 - 18:00 브레이크타임,11:30-23:00,16:00 - 18:00 브레이크타임,11:30-23:00,16:00 - 18:00 브레이크타임,11:30-23:00,16:00 - 18:00 브레이크타임,11:30-23:00,16:00 - 18:00 브레이크타임,16:00-23:00,22:00,휴무,16:00 - 18:00 브레이크타임,02-323-4545
깡포차,포장마차,4.76,108,서울 마포구 월드컵로 133,18:00-29:00,정보 없음,18:00-29:00,정보 없음,18:00-29:00,정보 없음,18:00-29:00,정보 없음,18:00-29:00,정보 없음,18:00-29:00,정보 없음,18:00-29:00,정보 없음,0507-1307-4374
볼링,"맥주,호프",4.39,68,서울 마포구 방울내로7길 5,19:00-26:00,정보 없음,19:00-26:00,정보 없음,휴무,정보 없음,19:00-26:00,정보 없음,19:00-26:00,정보 없음,19:00-26:00,정보 없음,19:00-26:00,정보 없음,02-324-0928
라비앙로즈,바(BAR),4.72,196,서울 마포구 동교로9길 48 베스트힐 4층,19:00-26:00,01:30,19:00-26:00,01:30,19:00-26:00,01:30,19:00-26:00,01:30,19:00-27:00,02:30,19:00-27:00,02:30,휴무,01:30,정보 없음
방랑,바(BAR),4.88,87,서울 마포구 방울내로 79 1층 방랑,18:00-25:00,00:30,18:00-25:00,00:30,18:00-25:00,00:30,18:00-25:00,00:30,18:00-25:00,00:30,18:00-25:00,00:30,18:00-25:00,00:30,02-325-5097
투다리 망원1점,"오뎅,꼬치",4.88,87,서울 마포구 동교로9길 34 1층,정보 없음,정보 없음,정보 없음,정보 없음,정보 없음,정보 없음,정보 없음,정보 없음,정보 없음,정보 없음,정보 없음,정보 없음,정보 없음,정보 없음,070-5111-6601
뚱이네포차스트렁큰,포장마차,4.38,265,서울 마포구 방울내로 65,정보 없음,정보 없음,정보 없음,정보 없음,정보 없음,정보 없음,정보 없음,정보 없음,정보 없음,정보 없음,정보 없음,정보 없음,정보 없음,정보 없음,정보 없음
빌라마리아나,바(BAR),0.0,14,서울 마포구 월드컵로21길 18 2층,19:00-26:00,01:30,19:00-26:00,01:30,19:00-26:00,01:30,19:00-26:00,01:30,19:00-26:00,01:30,19:00-26:00,01:30,19:00-24:00,01:30,0507-1376-5603
5678 망원동,와인,4.91,92,서울 마포구 희우정로10길 4 2층,00:00-00:05,정보 없음,휴무,정보 없음,휴무,정보 없음,휴무,정보 없음,휴무,정보 없음,휴무,정보 없음,휴무,정보 없음,0507-1365-5786
사뭇,술집,4.91,92,서울 마포구 월드컵로19길 74,19:00-25:00,정보 없음,19:00-25:00,정보 없음,19:00-25:00,정보 없음,19:00-25:00,정보 없음,19:00-25:00,정보 없음,19:00-25:00,정보 없음,정보없음,정보 없음,정보 없음
투다리 망원2점,"오뎅,꼬치",4.71,33,서울 마포구 월드컵로29길 5 1층 일부,정보 없음,정보 없음,정보 없음,정보 없음,정보 없음,정보 없음,정보 없음,정보 없음,정보 없음,정보 없음,정보 없음,정보 없음,정보 없음,정보 없음,02-3144-7786
골목집,술집,4.45,140,서울 마포구 방울내로 74,17:00-25:00,정보 없음,17:00-25:00,정보 없음,17:00-25:00,정보 없음,17:00-25:00,정보 없음,17:00-25:00,정보 없음,17:00-25:00,정보 없음,17:00-25:00,정보 없음,02-336-7501
낯꽃,이자카야,4.24,81,서울 마포구 월드컵로29길 6,15:00-27:00,정보 없음,15:00-27:00,정보 없음,15:00-27:00,정보 없음,15:00-27:00,정보 없음,15:00-27:00,정보 없음,15:00-27:00,정보 없음,휴무,정보 없음,02-336-0594
한강가자,"맥주,호프",4.24,81,서울 마포구 망원로 7,정보 없음,정보 없음,정보 없음,정보 없음,정보 없음,정보 없음,정보 없음,정보 없음,정보 없음,정보 없음,정보 없음,정보 없음,정보 없음,정보 없음,정보 없음
노가리와호프,"맥주,호프",3.83,32,서울 마포구 동교로 63 1층,정보 없음,정보 없음,정보 없음,정보 없음,정보 없음,정보 없음,정보 없음,정보 없음,정보 없음,정보 없음,정보 없음,정보 없음,정보 없음,정보 없음,정보 없음
남이네포장마차,포장마차,4.31,87,서울 마포구 동교로 63,17:00-26:00,정보 없음,17:00-26:00,정보 없음,17:00-26:00,정보 없음,17:00-26:00,정보 없음,17:00-26:00,정보 없음,17:00-26:00,정보 없음,휴무,정보 없음,0507-1437-9295
세르베자 망원점,"맥주,호프",4.51,61,"서울 마포구 망원로 22 / 2,3층",18:00-26:00,정보 없음,18:00-26:00,정보 없음,18:00-26:00,정보 없음,18:00-26:00,정보 없음,18:00-26:00,정보 없음,18:00-26:00,정보 없음,휴무,정보 없음,070-4897-2018
헤이보틀 와인샵,와인,4.51,61,서울 마포구 월드컵로 61 1층,휴무,정보 없음,11:30-22:30,정보 없음,11:30-22:30,정보 없음,11:30-22:30,정보 없음,11:30-22:30,정보 없음,11:30-22:30,정보 없음,11:30-22:30,정보 없음,070-8891-9333
비어트립,"맥주,호프",4.13,64,서울 마포구 동교로 37 2층,정보 없음,정보 없음,정보 없음,정보 없음,정보 없음,정보 없음,정보 없음,정보 없음,정보 없음,정보 없음,정보 없음,정보 없음,정보 없음,정보 없음,070-8285-6790
Slow Supper Club,와인,4.13,64,서울 마포구 포은로6길 39 . 1층 104호(망원동),19:00-24:00,23:30,19:00-24:00,23:30,휴무,정보 없음,19:00-24:00,23:30,19:00-24:00,23:30,12:00-24:00,15:30 - 17:00 브레이크타임,12:00-17:00,23:30,0507-1388-1194
만나포차,포장마차,0.0,47,서울 마포구 망원로 94,정보 없음,정보 없음,정보 없음,정보 없음,정보 없음,정보 없음,정보 없음,정보 없음,정보 없음,정보 없음,정보 없음,정보 없음,정보 없음,정보 없음,02-326-0141
노가리랑 닭발,요리주점,4.81,71,서울 마포구 월드컵로 133 1층,16:00-29:00,정보 없음,16:00-29:00,정보 없음,16:00-29:00,정보 없음,16:00-29:00,정보 없음,16:00-29:00,정보 없음,16:00-29:00,정보 없음,16:00-29:00,정보 없음,02-336-9233
글렌,바(BAR),4.81,71,서울 마포구 희우정로 77 105호 GLEN,정보 없음,정보 없음,정보 없음,정보 없음,정보 없음,정보 없음,정보 없음,정보 없음,정보 없음,정보 없음,정보 없음,정보 없음,정보 없음,정보 없음,0507-1339-1638
망원술집,"맥주,호프",0.0,37,서울 마포구 월드컵로 99-1 1층 망원술집,16:00-27:00,02:20,16:00-27:00,02:20,16:00-27:00,02:20,16:00-27:00,02:20,16:00-27:00,02:20,16:00-27:00,02:20,16:00-27:00,02:20,0507-1311-9278
한잔두잔,"맥주,호프",4.2,89,서울 마포구 동교로9길 37,정보 없음,정보 없음,정보 없음,정보 없음,정보 없음,정보 없음,정보 없음,정보 없음,정보 없음,정보 없음,정보 없음,정보 없음,정보 없음,정보 없음,0507-1327-7320
리와인드,와인,4.2,89,서울 마포구 포은로 108 5층,정보 없음,정보 없음,정보 없음,정보 없음,정보 없음,정보 없음,정보 없음,정보 없음,정보 없음,정보 없음,정보 없음,정보 없음,정보 없음,정보 없음,정보 없음
머니뭐니,포장마차,4.33,47,서울 마포구 월드컵로 143,정보 없음,정보 없음,정보 없음,정보 없음,정보 없음,정보 없음,정보 없음,정보 없음,정보 없음,정보 없음,정보 없음,정보 없음,정보 없음,정보 없음,02-325-5955
짝태앤노가리 망원점,포장마차,4.33,47,서울 마포구 방울내로 73,정보 없음,정보 없음,정보 없음,정보 없음,정보 없음,정보 없음,정보 없음,정보 없음,정보 없음,정보 없음,정보 없음,정보 없음,정보 없음,정보 없음,정보 없음
P LOUNGE,"맥주,호프",4.11,108,서울 마포구 월드컵로19길 74 어쩌다가게 망원 B104호,정보 없음,정보 없음,정보 없음,정보 없음,정보 없음,정보 없음,정보 없음,정보 없음,정보 없음,정보 없음,정보 없음,정보 없음,정보 없음,정보 없음,070-5121-5628
유퓨전포차,포장마차,0.0,2,서울 마포구 방울내로 79,정보 없음,정보 없음,정보 없음,정보 없음,정보 없음,정보 없음,정보 없음,정보 없음,정보 없음,정보 없음,정보 없음,정보 없음,정보 없음,정보 없음,정보 없음
유 포장마차,요리주점,4.35,74,서울 마포구 방울내로 79,정보 없음,정보 없음,정보 없음,정보 없음,정보 없음,정보 없음,정보 없음,정보 없음,정보 없음,정보 없음,정보 없음,정보 없음,정보 없음,정보 없음,0507-1324-8726
술집,"맥주,호프",4.35,74,서울 마포구 포은로 63 1층 술집,정보 없음,정보 없음,정보 없음,정보 없음,정보 없음,정보 없음,정보 없음,정보 없음,정보 없음,정보 없음,정보 없음,정보 없음,정보 없음,정보 없음,010-8569-7833
스트렁큰,"맥주,호프",4.33,55,서울 마포구 방울내로 65,18:00-27:00,정보 없음,18:00-27:00,정보 없음,18:00-27:00,정보 없음,18:00-27:00,정보 없음,18:00-27:00,정보 없음,18:00-27:00,정보 없음,휴무,정보 없음,02-325-0424
망원옥상,와인,4,77,서울 마포구 포은로 105 4층,정보 없음,정보 없음,정보 없음,정보 없음,정보 없음,정보 없음,정보 없음,정보 없음,정보 없음,정보 없음,정보 없음,정보 없음,정보 없음,정보 없음,010-8564-8858
묵을래,요리주점,4.5,15,서울 마포구 포은로 75 1층,정보 없음,정보 없음,정보 없음,정보 없음,정보 없음,정보 없음,정보 없음,정보 없음,정보 없음,정보 없음,정보 없음,정보 없음,정보 없음,정보 없음,02-333-2657
동신커피앤호프,"맥주,호프",4.5,15,서울 마포구 포은로 88,정보 없음,정보 없음,정보 없음,정보 없음,정보 없음,정보 없음,정보 없음,정보 없음,정보 없음,정보 없음,정보 없음,정보 없음,정보 없음,정보 없음,02-332-6009
망치,요리주점,0.0,3,서울 마포구 월드컵로13길 73 지층,정보 없음,정보 없음,정보 없음,정보 없음,정보 없음,정보 없음,정보 없음,정보 없음,정보 없음,정보 없음,정보 없음,정보 없음,정보 없음,정보 없음,0507-1396-7896
포레스트인망원,술집,0.0,0,서울 마포구 포은로 72 5층,휴무,정보 없음,16:00-25:00,정보 없음,16:00-25:00,정보 없음,16:00-25:00,정보 없음,16:00-25:00,정보 없음,16:00-25:00,정보 없음,16:00-25:00,정보 없음,0507-1439-5131
대한활맥,"맥주,호프",0.0,4,서울 마포구 월드컵로 117,정보 없음,정보 없음,정보 없음,정보 없음,정보 없음,정보 없음,정보 없음,정보 없음,정보 없음,정보 없음,정보 없음,정보 없음,정보 없음,정보 없음,정보 없음
시베리아 빙수,요리주점,0.0,3,서울 마포구 포은로8길 14,정보 없음,정보 없음,정보 없음,정보 없음,정보 없음,정보 없음,정보 없음,정보 없음,정보 없음,정보 없음,정보 없음,정보 없음,정보 없음,정보 없음,정보 없음
망원주유소,"맥주,호프",0.0,14,서울 마포구 월드컵로 99-1,정보 없음,정보 없음,정보 없음,정보 없음,정보 없음,정보 없음,정보 없음,정보 없음,정보 없음,정보 없음,정보 없음,정보 없음,정보 없음,정보 없음,정보 없음
말쑥이전포차,요리주점,0.0,0,서울 마포구 방울내로11길 14 1층,정보 없음,정보 없음,정보 없음,정보 없음,정보 없음,정보 없음,정보 없음,정보 없음,정보 없음,정보 없음,정보 없음,정보 없음,정보 없음,정보 없음,02-3144-4111
골뱅이와노가리,술집,0.0,7,서울 마포구 월드컵로25길 26 마포영화블렌하임,정보 없음,정보 없음,정보 없음,정보 없음,정보 없음,정보 없음,정보 없음,정보 없음,정보 없음,정보 없음,정보 없음,정보 없음,정보 없음,정보 없음,02-3142-1642
여인천하,단란주점,0.0,2,서울 마포구 동교로 39,정보 없음,정보 없음,정보 없음,정보 없음,정보 없음,정보 없음,정보 없음,정보 없음,정보 없음,정보 없음,정보 없음,정보 없음,정보 없음,정보 없음,02-3141-3382
큐바,"맥주,호프",0.0,1,서울 마포구 월드컵로 93 지하1층(망원동),정보 없음,정보 없음,정보 없음,정보 없음,정보 없음,정보 없음,정보 없음,정보 없음,정보 없음,정보 없음,정보 없음,정보 없음,정보 없음,정보 없음,정보 없음
BARGLEN,바(BAR),0.0,1,서울 마포구 희우정로 77 105호,정보 없음,정보 없음,정보 없음,정보 없음,정보 없음,정보 없음,정보 없음,정보 없음,정보 없음,정보 없음,정보 없음,정보 없음,정보 없음,정보 없음,정보 없음
발리 슈퍼스토어,"맥주,호프",4.36,440,서울 마포구 양화로6길 45 2층,17:00-26:00,01:30,17:00-26:00,01:30,17:00-26:00,01:30,17:00-26:00,01:30,17:00-26:00,01:30,13:00-26:00,01:30,13:00-24:00,01:30,02-323-7871
서교주담 합정,요리주점,4.36,440,서울 마포구 어울마당로5길 46 1층 서교주담 합정,17:00-24:00,정보 없음,17:00-24:00,정보 없음,17:00-24:00,정보 없음,17:00-24:00,정보 없음,17:00-26:00,정보 없음,15:00-26:00,정보 없음,15:00-24:00,정보 없음,010-5656-9309
붉은낙타,요리주점,4.75,926,서울 마포구 잔다리로 20-11 1층 붉은낙타,17:00-25:00,00:00,17:00-25:00,00:00,17:00-25:00,00:00,17:00-25:00,00:00,17:00-27:00,02:00,17:00-27:00,02:00,17:00-25:00,00:00,070-4833-5965
썬키친,요리주점,4.89,1206,서울 마포구 양화로6길 50 2층,휴무,정보 없음,12:00-24:00,23:00,12:00-24:00,23:00,12:00-24:00,23:00,12:00-24:00,23:00,12:00-24:00,23:00,12:00-24:00,정보 없음,0507-1338-4681
디엠,술집,4.89,1206,서울 마포구 토정로3안길 18 지하1층 매장입니다,17:40-25:00,00:30,17:40-25:00,00:30,17:40-25:00,00:30,17:40-25:00,00:30,17:40-26:00,01:30,16:10-26:00,01:30,16:10-25:00,00:30,0507-1329-6429
당인리극장,술집,4.53,497,서울 마포구 양화로6길 21 2층 당인리극장,휴무,정보 없음,18:00-26:00,01:00,18:00-26:00,01:00,18:00-26:00,01:00,18:00-28:00,03:00,18:00-28:00,03:00,18:00-26:00,정보 없음,070-4065-6602
훈민정음 서울합정점,요리주점,4.53,497,서울 마포구 독막로7길 21,17:00-26:00,정보 없음,17:00-26:00,정보 없음,17:00-26:00,정보 없음,17:00-26:00,정보 없음,17:00-28:00,정보 없음,17:00-28:00,정보 없음,17:00-26:00,정보 없음,02-336-1447
미나리,요리주점,4.52,678,서울 마포구 양화로6길 14 1층 코너점포,17:00-36:30,11:50,17:00-36:30,11:50,17:00-36:30,11:50,17:00-36:30,11:50,17:00-26:00,01:20,17:00-26:00,01:20,17:00-36:30,11:50,010-9585-7805
호맥 합정점,"맥주,호프",4.44,0,서울 마포구 독막로5길 5 대웅빌딩 1층 호맥,16:30-25:30,00:30,16:30-25:30,00:30,16:30-25:30,00:30,16:30-25:30,00:30,16:30-26:00,01:00,14:00-26:00,01:00,14:00-25:30,00:30,02-333-7466
아소토,이자카야,4.44,0,서울 마포구 독막로2길 34 1층 아소토,휴무,정보 없음,정보 없음,정보 없음,18:00-24:00,22:30,18:00-24:00,22:30,18:00-24:00,22:30,17:00-24:00,22:30,17:00-23:00,정보 없음,0507-1345-9622
이키,이자카야,4.56,514,서울 마포구 성지길 36-20 1층,18:00-25:00,00:00,18:00-25:00,00:00,18:00-25:00,00:00,18:00-25:00,00:00,18:00-25:00,00:00,17:00-25:00,00:00,17:00-24:00,00:00,010-9915-5915
토끼다이닝,요리주점,0.0,135,서울 마포구 독막로5길 5 2층,12:00-24:00,23:00,12:00-24:00,23:00,12:00-24:00,23:00,12:00-24:00,23:00,12:00-26:00,01:00,12:00-26:00,01:00,12:00-24:00,23:00,0507-1375-2431
홍콩포차,요리주점,0.0,745,서울 마포구 홍익로3길 44 2층,16:00-30:00,정보 없음,16:00-30:00,정보 없음,16:00-30:00,정보 없음,16:00-30:00,정보 없음,16:00-30:00,정보 없음,16:00-30:00,정보 없음,16:00-30:00,정보 없음,0507-1335-4002
심야식당 오밤중,요리주점,4.89,367,서울 마포구 포은로2가길 6 1층,17:00-25:00,00:00,17:00-25:00,00:00,17:00-25:00,00:00,17:00-25:00,00:00,17:00-26:00,01:00,17:00-26:00,01:00,휴무,00:00,0507-1412-8824
지하102호 1호점,이자카야,4.89,367,서울 마포구 양화로6길 57-22 지층 102호,16:00-26:00,01:00,16:00-26:00,01:00,16:00-26:00,01:00,16:00-26:00,01:00,15:00-27:00,02:00,15:00-27:00,02:00,15:00-27:00,01:00,0507-1308-8648
주무대,요리주점,4.72,691,서울 마포구 와우산로3길 32,17:00-24:00,정보 없음,17:00-24:00,정보 없음,17:00-24:00,정보 없음,17:00-24:00,정보 없음,17:00-25:00,정보 없음,17:00-25:00,정보 없음,17:00-24:00,정보 없음,0507-1440-1221
동동포차DDPC,요리주점,4.54,396,서울 마포구 독막로3길 30 1층,17:00-27:00,정보 없음,17:00-27:00,정보 없음,17:00-27:00,정보 없음,17:00-27:00,정보 없음,17:00-27:00,정보 없음,17:00-27:00,정보 없음,17:00-27:00,정보 없음,02-336-0358
개화기요정,요리주점,4.7,504,서울 마포구 독막로7길 22 개화기요정,정보 없음,정보 없음,정보 없음,정보 없음,정보 없음,정보 없음,정보 없음,정보 없음,정보 없음,정보 없음,정보 없음,정보 없음,정보 없음,정보 없음,02-325-6677
깊은숲,"맥주,호프",4.73,661,서울 마포구 독막로 27,휴무,정보 없음,18:00-25:00,정보 없음,18:00-25:00,정보 없음,18:00-25:00,정보 없음,18:00-26:00,정보 없음,17:00-26:00,정보 없음,17:00-24:00,정보 없음,0507-1410-6865
조선시대,요리주점,4.73,661,서울 마포구 홍익로3길 44 지하1층,17:30-28:00,정보 없음,17:30-28:00,정보 없음,17:30-28:00,정보 없음,17:30-28:00,정보 없음,17:30-28:00,정보 없음,17:30-28:00,정보 없음,17:30-28:00,정보 없음,0507-1478-1045
몽주방,요리주점,0.0,726,서울 마포구 독막로7길 20 1층,16:00-26:30,정보 없음,16:00-26:30,정보 없음,16:00-26:30,정보 없음,16:00-26:30,정보 없음,16:00-26:30,정보 없음,16:00-26:30,정보 없음,16:00-26:30,정보 없음,0507-1364-7875
가로수포차,요리주점,0.0,316,서울 마포구 잔다리로6길 34-13 가로수포차,17:00-26:30,정보 없음,17:00-26:30,정보 없음,17:00-26:30,정보 없음,17:00-26:30,정보 없음,17:00-26:30,정보 없음,17:00-26:30,정보 없음,17:00-26:30,정보 없음,010-7357-2551
사카바 토리야,이자카야,0.0,812,서울 마포구 독막로3길 38 2층,휴무,정보 없음,18:00-26:00,01:30,18:00-26:00,01:30,18:00-26:00,01:30,17:00-26:00,01:30,17:00-26:00,01:30,17:00-26:00,정보 없음,0507-1353-4741
낮달,요리주점,4.37,840,서울 마포구 독막로5길 8 1층 낮달,17:00-26:00,정보 없음,15:00-26:00,정보 없음,15:00-26:00,정보 없음,15:00-26:00,정보 없음,15:00-26:00,정보 없음,14:00-26:00,정보 없음,14:00-25:00,정보 없음,0507-1312-0597
우규,이자카야,4.37,840,서울 마포구 독막로3길 21 1.5층,17:00-26:00,정보 없음,17:00-26:00,정보 없음,17:00-26:00,정보 없음,17:00-26:00,정보 없음,17:00-26:00,정보 없음,16:00-26:00,정보 없음,16:00-26:00,정보 없음,0507-1448-3465
몽주막,요리주점,4.93,627,서울 마포구 독막로9길 12 1층 몽주막,16:00-25:00,00:30,16:00-25:00,00:30,16:00-25:00,00:30,16:00-25:00,00:30,16:00-26:30,02:00,15:00-26:30,02:00,15:30-25:00,00:30,0507-1353-3844
금강산호프,"맥주,호프",4.56,426,서울 마포구 성지길 18,15:00-26:00,정보 없음,15:00-26:00,정보 없음,15:00-26:00,정보 없음,15:00-26:00,정보 없음,15:00-26:00,정보 없음,15:00-26:00,정보 없음,15:00-26:00,정보 없음,02-334-8120
지하102호 5호점,이자카야,4.56,426,"서울 마포구 독막로3길 13 1층, 2층, 3층",14:00-30:00,05:30,14:00-30:00,05:30,14:00-30:00,05:30,14:00-30:00,05:30,14:00-30:00,05:30,14:00-30:00,05:30,14:00-30:00,05:30,0507-1357-1025
합정유리,요리주점,0.0,342,서울 마포구 양화로6길 99-11 2층,17:00-25:00,00:00,휴무,정보 없음,17:00-25:00,00:00,17:00-25:00,00:00,17:00-25:00,00:00,14:00-25:00,00:00,14:00-25:00,00:00,0507-1352-2195
모양,요리주점,0.0,435,서울 마포구 독막로3길 24-9 1층,17:00-24:00,23:30,17:00-24:00,23:30,17:00-24:00,23:30,17:00-24:00,23:30,17:00-25:00,00:30,17:00-25:00,00:30,17:00-24:00,23:30,0507-1383-1032
사람사는이야기442,요리주점,4.45,613,서울 마포구 어울마당로5길 52 사사이,16:30-29:00,04:00,16:30-29:00,04:00,16:30-29:00,04:00,16:30-29:00,04:00,16:30-29:00,04:00,15:30-29:00,04:00,15:30-29:00,04:00,0507-1337-0442
버드폭,요리주점,4.45,613,서울 영등포구 양평로22길 21 1층 A106호,11:30-23:00,14:00 - 17:00 브레이크타임,11:30-23:00,14:00 - 17:00 브레이크타임,11:30-23:00,14:00 - 17:00 브레이크타임,11:30-23:00,14:00 - 17:00 브레이크타임,11:30-23:00,14:00 - 17:00 브레이크타임,17:00-23:00,22:00,휴무,14:00 - 17:00 브레이크타임,0507-1370-0535
별그리는바다,이자카야,4.66,304,서울 마포구 어울마당로5길 17 1층,정보 없음,정보 없음,정보 없음,정보 없음,정보 없음,정보 없음,정보 없음,정보 없음,정보 없음,정보 없음,정보 없음,정보 없음,정보 없음,정보 없음,0507-1361-4011
지하102호 2호점,이자카야,4.96,476,서울 마포구 독막로3길 39 1층,15:00-26:00,정보 없음,15:00-26:00,정보 없음,15:00-26:00,정보 없음,15:00-26:00,정보 없음,15:00-28:00,정보 없음,15:00-28:00,정보 없음,15:00-26:00,정보 없음,0507-1388-8648
과일가게,술집,4.96,476,서울 마포구 동교로 40,18:00-25:00,정보 없음,18:00-25:00,정보 없음,18:00-25:00,정보 없음,18:00-25:00,정보 없음,18:00-25:00,정보 없음,18:00-25:00,정보 없음,휴무,정보 없음,02-336-3859
세부인보드카,요리주점,4.22,441,서울 마포구 양화로6길 65 2층,17:00-27:00,정보 없음,17:00-27:00,정보 없음,17:00-27:00,정보 없음,17:00-27:00,정보 없음,17:00-27:00,정보 없음,15:00-27:00,정보 없음,15:00-27:00,정보 없음,0507-1363-3634
호랑이,요리주점,4.22,441,서울 마포구 성지3길 23,18:00-24:00,23:00,18:00-24:00,23:00,18:00-24:00,23:00,18:00-24:00,23:00,18:00-24:00,23:00,18:00-24:00,23:00,18:00-24:00,23:00,010-5567-1637
색다른한잔,"맥주,호프",4.16,234,서울 마포구 독막로2길 35 1층 색다른한잔,18:00-24:00,정보 없음,16:00-25:00,정보 없음,17:00-25:00,정보 없음,16:00-25:00,정보 없음,17:00-26:00,정보 없음,16:00-26:00,정보 없음,17:00-25:00,정보 없음,070-4222-4198
모이정,이자카야,4.42,564,서울 마포구 성미산로 122 1층,17:00-25:00,00:00,17:00-25:00,00:00,17:00-25:00,00:00,17:00-25:00,00:00,17:00-25:00,00:00,17:00-25:00,00:00,17:00-25:00,00:00,0507-1381-2885
카사블랑코,"맥주,호프",4.54,424,서울 마포구 양화로1길 29 1층,16:00-26:00,정보 없음,16:00-26:00,정보 없음,16:00-26:00,정보 없음,16:00-26:00,정보 없음,16:00-26:00,정보 없음,16:00-26:00,정보 없음,16:00-26:00,정보 없음,0507-1484-9596
무니,이자카야,4.34,446,서울 마포구 양화로8길 32-15 1층,17:30-24:00,23:15,17:30-24:00,23:15,17:30-24:00,23:15,17:30-24:00,23:15,17:30-25:00,00:15,17:30-25:00,00:15,17:30-24:00,23:15,070-4100-1510
이목,요리주점,4.49,206,서울 마포구 독막로3길 17 2층,11:30-24:00,14:30 - 17:00 브레이크타임,11:30-24:00,14:30 - 17:00 브레이크타임,11:30-24:00,14:30 - 17:00 브레이크타임,11:30-24:00,14:30 - 17:00 브레이크타임,11:30-25:00,00:00,17:00-25:00,00:00,휴무,14:30 - 17:00 브레이크타임,02-6404-0101
철판집,요리주점,4.9,396,서울 마포구 독막로3길 24-11 1층 철판집,17:00-25:30,00:30,17:00-25:30,00:30,17:00-25:30,00:30,17:00-25:30,00:30,17:00-26:30,01:30,17:00-26:30,01:30,17:00-25:30,00:30,0507-1483-9233
히게쯔라,이자카야,0.0,505,서울 마포구 양화로1길 42 1층,16:00-24:00,23:00,16:00-24:00,23:00,16:00-24:00,23:00,16:00-24:00,23:00,16:00-25:00,00:00,16:00-25:00,00:00,16:00-24:00,23:00,0507-1317-4883
넉탐,요리주점,4.39,315,서울 마포구 양화로1길 25,16:00-26:00,정보 없음,16:00-26:00,정보 없음,16:00-26:00,정보 없음,16:00-26:00,정보 없음,16:00-26:00,정보 없음,16:00-26:00,정보 없음,16:00-26:00,정보 없음,0507-1345-5640
88양자카야,이자카야,4.39,315,서울 마포구 독막로3길 28 지층 88양자카야,18:00-26:00,정보 없음,18:00-26:00,정보 없음,18:00-26:00,정보 없음,18:00-26:00,정보 없음,18:00-26:00,정보 없음,18:00-26:00,정보 없음,18:00-26:00,정보 없음,0507-1336-2374
시소,요리주점,4.25,191,서울 마포구 독막로 43-1 3층 시소,휴무,정보 없음,17:00-25:00,정보 없음,17:00-25:00,정보 없음,17:00-25:00,정보 없음,17:00-25:00,정보 없음,17:00-25:00,정보 없음,17:00-25:00,정보 없음,0507-1412-8744
노리터,요리주점,4.7,225,서울 마포구 독막로7길 23 4층,휴무,정보 없음,휴무,정보 없음,17:00-24:00,정보 없음,17:00-24:00,정보 없음,17:00-26:00,정보 없음,17:00-26:00,정보 없음,17:00-24:00,정보 없음,정보 없음
펍차 아지트,요리주점,4.66,265,서울 마포구 동교로 177,18:00-26:00,정보 없음,휴무,정보 없음,18:00-26:00,정보 없음,18:00-26:00,정보 없음,18:00-28:00,정보 없음,18:00-28:00,정보 없음,18:00-26:00,정보 없음,010-6559-2889
초월집,요리주점,4.89,301,서울 마포구 독막로7길 45 2층 초월집,17:00-24:00,정보 없음,17:00-24:00,정보 없음,17:00-24:00,정보 없음,17:00-24:00,정보 없음,17:00-26:00,정보 없음,16:00-26:00,정보 없음,휴무,정보 없음,02-336-3328
0.5,요리주점,0.0,218,서울 마포구 독막로9길 33 반지하 0.5,휴무,정보 없음,17:00-26:00,정보 없음,17:00-26:00,정보 없음,17:00-26:00,정보 없음,17:00-26:00,정보 없음,17:00-26:00,정보 없음,17:00-26:00,정보 없음,0507-1409-0716
술생술사,요리주점,0.0,654,서울 마포구 독막로3길 51 술생술사,17:00-26:00,01:30,17:00-26:00,01:30,17:00-26:00,01:30,17:00-26:00,01:30,17:00-26:00,01:30,15:00-26:00,01:30,17:00-24:00,01:30,정보 없음
7번방 룸포차,포장마차,0.0,654,서울 마포구 어울마당로 62,정보 없음,정보 없음,정보 없음,정보 없음,정보 없음,정보 없음,정보 없음,정보 없음,정보 없음,정보 없음,정보 없음,정보 없음,정보 없음,정보 없음,0507-1496-3554
아니키,요리주점,0.0,312,서울 마포구 어울마당로5길 47 1층,17:00-26:00,01:00,17:00-26:00,01:00,17:00-26:00,01:00,17:00-26:00,01:00,17:00-27:00,02:00,17:00-27:00,02:00,17:00-26:00,01:00,0507-1355-4684
포킹94,"맥주,호프",0.0,176,서울 마포구 어울마당로 53 2층,16:00-26:00,01:30,휴무,정보 없음,16:00-26:00,01:30,16:00-26:00,01:30,16:00-27:00,02:30,14:00-27:00,02:30,16:00-26:00,01:30,0507-1312-7146
꿀벌,이자카야,4.81,550,서울 마포구 어울마당로 43 2층,17:00-26:00,정보 없음,17:00-26:00,정보 없음,17:00-26:00,정보 없음,17:00-26:00,정보 없음,17:00-29:00,정보 없음,12:00-29:00,정보 없음,12:00-22:30,정보 없음,0507-1386-8849
합정공감,이자카야,4.81,550,서울 마포구 양화로6길 49 2F,16:00-26:00,정보 없음,16:00-26:00,정보 없음,16:00-26:00,정보 없음,16:00-26:00,정보 없음,16:00-26:00,정보 없음,16:00-26:00,정보 없음,16:00-26:00,정보 없음,0507-1423-4733
김씨네심야식당,이자카야,4.53,786,서울 마포구 와우산로3길 28,18:00-27:00,02:00,18:00-27:00,02:00,18:00-27:00,02:00,18:00-27:00,02:00,18:00-27:00,02:00,17:00-27:00,02:00,휴무,02:00,02-6339-1366
바코포차,요리주점,4.53,786,서울 마포구 독막로3길 35 1층,18:00-27:00,정보 없음,18:00-27:00,정보 없음,18:00-27:00,정보 없음,18:00-27:00,정보 없음,18:00-27:00,정보 없음,18:00-27:00,정보 없음,18:00-27:00,정보 없음,0507-1368-1337
로타리,이자카야,4.4,642,서울 마포구 양화로 56 동양한강트레벨 b103-2 로타리,17:00-36:30,11:50,17:00-36:30,11:50,17:00-36:30,11:50,17:00-36:30,11:50,17:00-26:00,01:20,17:00-26:00,01:20,17:00-36:30,11:50,0507-1385-7823
그늘,요리주점,0.0,82,서울 마포구 독막로3길 33-3 지1층 그늘,16:00-27:00,01:30,16:00-27:00,01:30,16:00-27:00,01:30,16:00-27:00,01:30,16:00-27:00,01:30,16:00-27:00,01:30,16:00-27:00,01:30,0507-1341-8480
파리아저씨,요리주점,4.55,357,서울 마포구 홍익로5안길 42 세븐일레븐 옆,16:30-26:00,정보 없음,16:30-26:00,정보 없음,16:30-26:00,정보 없음,16:30-26:00,정보 없음,16:30-26:00,정보 없음,16:30-26:00,정보 없음,16:30-26:00,정보 없음,0507-1373-3311
남자식탁,이자카야,4.55,357,서울 마포구 월드컵로3길 31-8 1층 남자식탁,17:30-23:00,22:00,17:30-23:00,22:00,17:30-23:00,22:00,17:30-23:00,22:00,17:30-23:00,22:00,17:00-23:00,22:00,휴무,22:00,0507-1324-3035
지하102호 4호점,이자카야,4.57,502,서울 마포구 독막로3길 29 지하1층,정보 없음,정보 없음,정보 없음,정보 없음,정보 없음,정보 없음,정보 없음,정보 없음,정보 없음,정보 없음,정보 없음,정보 없음,정보 없음,정보 없음,0507-1300-8648
정이포장마차,포장마차,0.0,237,서울 마포구 홍익로5안길 24 1층 102호 정이,휴무,정보 없음,17:00-27:00,정보 없음,17:00-27:00,정보 없음,17:00-27:00,정보 없음,17:00-27:00,정보 없음,17:00-27:00,정보 없음,17:00-27:00,정보 없음,0507-1476-1286
지하102호 3호점,이자카야,0.0,315,서울 마포구 양화로6길 57-22 지층 101호,17:00-27:00,정보 없음,17:00-27:00,정보 없음,17:00-27:00,정보 없음,17:00-27:00,정보 없음,14:00-29:00,정보 없음,14:00-29:00,정보 없음,14:00-29:00,정보 없음,0507-1369-4568
원나잇,요리주점,4.44,630,서울 마포구 홍익로3길 44 러쉬 홍대점 건물(호곡빌딩) 5층,17:30-26:00,정보 없음,17:30-26:00,정보 없음,17:30-26:00,정보 없음,17:30-26:00,정보 없음,17:30-27:00,정보 없음,17:30-27:00,정보 없음,17:30-26:00,정보 없음,0507-1426-0912
형제집,요리주점,4.44,630,서울 마포구 포은로 39 1층 형제집,휴무,정보 없음,18:00-27:00,01:30,18:00-27:00,01:30,18:00-27:00,01:30,18:00-27:00,01:30,18:00-27:00,01:30,18:00-27:00,정보 없음,0507-1489-2230
윤슬,요리주점,4.61,299,서울 마포구 독막로4길 9 1층 가운데 검정문,휴무,정보 없음,17:00-24:00,정보 없음,17:00-24:00,정보 없음,17:00-24:00,정보 없음,17:00-25:00,정보 없음,17:00-25:00,정보 없음,17:00-24:00,정보 없음,02-6081-2200
추자로557,이자카야,4.96,182,서울 마포구 양화로8길 14,17:30-24:00,정보 없음,17:30-24:00,정보 없음,17:30-24:00,정보 없음,17:30-24:00,정보 없음,17:30-24:00,정보 없음,17:30-24:00,정보 없음,휴무,정보 없음,0507-1355-5575
