shop_name,shop_type,shop_star_rating,shop_address,shop_open_info,shop_contact
연남한양집,와인,정보 없음,서울 마포구 동교로46길 26 1층,"[('월', {'open_time': '16:00 - 24:00', 'last_order_time': '23:00'}), ('화', {'open_time': '휴무', 'last_order_time': '정보 없음'}), ('수', {'open_time': '16:00 - 24:00', 'last_order_time': '23:00'}), ('목', {'open_time': '16:00 - 24:00', 'last_order_time': '23:00'}), ('금', {'open_time': '16:00 - 24:00', 'last_order_time': '23:00'}), ('토', {'open_time': '16:00 - 24:00', 'last_order_time': '23:00'}), ('일', {'open_time': '16:00 - 24:00', 'last_order_time': '23:00'})]",0507-1358-0591
풍년숯불갈비,"육류,고기요리",4.41,서울 마포구 동교로 264,"[('월', {'open_time': '정보 없음', 'last_order_time': '정보 없음'}), ('화', {'open_time': '정보 없음', 'last_order_time': '정보 없음'}), ('수', {'open_time': '정보 없음', 'last_order_time': '정보 없음'}), ('목', {'open_time': '정보 없음', 'last_order_time': '정보 없음'}), ('금', {'open_time': '정보 없음', 'last_order_time': '정보 없음'}), ('토', {'open_time': '정보 없음', 'last_order_time': '정보 없음'}), ('일', {'open_time': '정보 없음', 'last_order_time': '정보 없음'})]",0507-1378-5818
청화접,요리주점,4.41,서울 마포구 동교로 264,"[('월', {'open_time': '정보 없음', 'last_order_time': '정보 없음'}), ('화', {'open_time': '정보 없음', 'last_order_time': '정보 없음'}), ('수', {'open_time': '정보 없음', 'last_order_time': '정보 없음'}), ('목', {'open_time': '정보 없음', 'last_order_time': '정보 없음'}), ('금', {'open_time': '정보 없음', 'last_order_time': '정보 없음'}), ('토', {'open_time': '정보 없음', 'last_order_time': '정보 없음'}), ('일', {'open_time': '정보 없음', 'last_order_time': '정보 없음'})]",0507-1378-5818
란콰이진 연남본점,요리주점,4.41,서울 마포구 동교로 264,"[('월', {'open_time': '정보 없음', 'last_order_time': '정보 없음'}), ('화', {'open_time': '정보 없음', 'last_order_time': '정보 없음'}), ('수', {'open_time': '정보 없음', 'last_order_time': '정보 없음'}), ('목', {'open_time': '정보 없음', 'last_order_time': '정보 없음'}), ('금', {'open_time': '정보 없음', 'last_order_time': '정보 없음'}), ('토', {'open_time': '정보 없음', 'last_order_time': '정보 없음'}), ('일', {'open_time': '정보 없음', 'last_order_time': '정보 없음'})]",0507-1378-5818
꼬요식당,요리주점,4.41,서울 마포구 동교로 264,"[('월', {'open_time': '정보 없음', 'last_order_time': '정보 없음'}), ('화', {'open_time': '정보 없음', 'last_order_time': '정보 없음'}), ('수', {'open_time': '정보 없음', 'last_order_time': '정보 없음'}), ('목', {'open_time': '정보 없음', 'last_order_time': '정보 없음'}), ('금', {'open_time': '정보 없음', 'last_order_time': '정보 없음'}), ('토', {'open_time': '정보 없음', 'last_order_time': '정보 없음'}), ('일', {'open_time': '정보 없음', 'last_order_time': '정보 없음'})]",0507-1378-5818
화담,요리주점,4.41,서울 마포구 동교로 264,"[('월', {'open_time': '정보 없음', 'last_order_time': '정보 없음'}), ('화', {'open_time': '정보 없음', 'last_order_time': '정보 없음'}), ('수', {'open_time': '정보 없음', 'last_order_time': '정보 없음'}), ('목', {'open_time': '정보 없음', 'last_order_time': '정보 없음'}), ('금', {'open_time': '정보 없음', 'last_order_time': '정보 없음'}), ('토', {'open_time': '정보 없음', 'last_order_time': '정보 없음'}), ('일', {'open_time': '정보 없음', 'last_order_time': '정보 없음'})]",0507-1378-5818
소주방,요리주점,4.41,서울 마포구 동교로 264,"[('월', {'open_time': '정보 없음', 'last_order_time': '정보 없음'}), ('화', {'open_time': '정보 없음', 'last_order_time': '정보 없음'}), ('수', {'open_time': '정보 없음', 'last_order_time': '정보 없음'}), ('목', {'open_time': '정보 없음', 'last_order_time': '정보 없음'}), ('금', {'open_time': '정보 없음', 'last_order_time': '정보 없음'}), ('토', {'open_time': '정보 없음', 'last_order_time': '정보 없음'}), ('일', {'open_time': '정보 없음', 'last_order_time': '정보 없음'})]",0507-1378-5818
전주상회,요리주점,4.41,서울 마포구 동교로 264,"[('월', {'open_time': '정보 없음', 'last_order_time': '정보 없음'}), ('화', {'open_time': '정보 없음', 'last_order_time': '정보 없음'}), ('수', {'open_time': '정보 없음', 'last_order_time': '정보 없음'}), ('목', {'open_time': '정보 없음', 'last_order_time': '정보 없음'}), ('금', {'open_time': '정보 없음', 'last_order_time': '정보 없음'}), ('토', {'open_time': '정보 없음', 'last_order_time': '정보 없음'}), ('일', {'open_time': '정보 없음', 'last_order_time': '정보 없음'})]",0507-1378-5818
요코쵸,이자카야,4.41,서울 마포구 동교로 264,"[('월', {'open_time': '정보 없음', 'last_order_time': '정보 없음'}), ('화', {'open_time': '정보 없음', 'last_order_time': '정보 없음'}), ('수', {'open_time': '정보 없음', 'last_order_time': '정보 없음'}), ('목', {'open_time': '정보 없음', 'last_order_time': '정보 없음'}), ('금', {'open_time': '정보 없음', 'last_order_time': '정보 없음'}), ('토', {'open_time': '정보 없음', 'last_order_time': '정보 없음'}), ('일', {'open_time': '정보 없음', 'last_order_time': '정보 없음'})]",0507-1378-5818
연주방,요리주점,4.41,서울 마포구 동교로 264,"[('월', {'open_time': '정보 없음', 'last_order_time': '정보 없음'}), ('화', {'open_time': '정보 없음', 'last_order_time': '정보 없음'}), ('수', {'open_time': '정보 없음', 'last_order_time': '정보 없음'}), ('목', {'open_time': '정보 없음', 'last_order_time': '정보 없음'}), ('금', {'open_time': '정보 없음', 'last_order_time': '정보 없음'}), ('토', {'open_time': '정보 없음', 'last_order_time': '정보 없음'}), ('일', {'open_time': '정보 없음', 'last_order_time': '정보 없음'})]",0507-1378-5818
연남한양집,와인,4.51,서울 마포구 동교로46길 7 주차장 쪽 반지층,"[('월', {'open_time': '17:00 - 24:00', 'last_order_time': '정보 없음'}), ('화', {'open_time': '17:00 - 24:00', 'last_order_time': '정보 없음'}), ('수', {'open_time': '17:00 - 24:00', 'last_order_time': '정보 없음'}), ('목', {'open_time': '17:00 - 24:00', 'last_order_time': '정보 없음'}), ('금', {'open_time': '16:00 - 01:00', 'last_order_time': '정보 없음'}), ('토', {'open_time': '16:00 - 01:00', 'last_order_time': '정보 없음'}), ('일', {'open_time': '16:00 - 24:00', 'last_order_time': '정보 없음'})]",010-4346-4026
풍년숯불갈비,"육류,고기요리",4.51,서울 마포구 동교로46길 7 주차장 쪽 반지층,"[('월', {'open_time': '정보 없음', 'last_order_time': '정보 없음'}), ('화', {'open_time': '정보 없음', 'last_order_time': '정보 없음'}), ('수', {'open_time': '정보 없음', 'last_order_time': '정보 없음'}), ('목', {'open_time': '정보 없음', 'last_order_time': '정보 없음'}), ('금', {'open_time': '정보 없음', 'last_order_time': '정보 없음'}), ('토', {'open_time': '정보 없음', 'last_order_time': '정보 없음'}), ('일', {'open_time': '정보 없음', 'last_order_time': '정보 없음'})]",010-4346-4026
청화접,요리주점,4.41,서울 마포구 동교로 264,"[('월', {'open_time': '정보 없음', 'last_order_time': '정보 없음'}), ('화', {'open_time': '정보 없음', 'last_order_time': '정보 없음'}), ('수', {'open_time': '정보 없음', 'last_order_time': '정보 없음'}), ('목', {'open_time': '정보 없음', 'last_order_time': '정보 없음'}), ('금', {'open_time': '정보 없음', 'last_order_time': '정보 없음'}), ('토', {'open_time': '정보 없음', 'last_order_time': '정보 없음'}), ('일', {'open_time': '정보 없음', 'last_order_time': '정보 없음'})]",0507-1378-5818
란콰이진 연남본점,요리주점,4.41,서울 마포구 동교로 264,"[('월', {'open_time': '정보 없음', 'last_order_time': '정보 없음'}), ('화', {'open_time': '정보 없음', 'last_order_time': '정보 없음'}), ('수', {'open_time': '정보 없음', 'last_order_time': '정보 없음'}), ('목', {'open_time': '정보 없음', 'last_order_time': '정보 없음'}), ('금', {'open_time': '정보 없음', 'last_order_time': '정보 없음'}), ('토', {'open_time': '정보 없음', 'last_order_time': '정보 없음'}), ('일', {'open_time': '정보 없음', 'last_order_time': '정보 없음'})]",0507-1378-5818
꼬요식당,요리주점,4.41,서울 마포구 동교로 264,"[('월', {'open_time': '정보 없음', 'last_order_time': '정보 없음'}), ('화', {'open_time': '정보 없음', 'last_order_time': '정보 없음'}), ('수', {'open_time': '정보 없음', 'last_order_time': '정보 없음'}), ('목', {'open_time': '정보 없음', 'last_order_time': '정보 없음'}), ('금', {'open_time': '정보 없음', 'last_order_time': '정보 없음'}), ('토', {'open_time': '정보 없음', 'last_order_time': '정보 없음'}), ('일', {'open_time': '정보 없음', 'last_order_time': '정보 없음'})]",0507-1378-5818
화담,요리주점,4.41,서울 마포구 동교로 264,"[('월', {'open_time': '정보 없음', 'last_order_time': '정보 없음'}), ('화', {'open_time': '정보 없음', 'last_order_time': '정보 없음'}), ('수', {'open_time': '정보 없음', 'last_order_time': '정보 없음'}), ('목', {'open_time': '정보 없음', 'last_order_time': '정보 없음'}), ('금', {'open_time': '정보 없음', 'last_order_time': '정보 없음'}), ('토', {'open_time': '정보 없음', 'last_order_time': '정보 없음'}), ('일', {'open_time': '정보 없음', 'last_order_time': '정보 없음'})]",0507-1378-5818
소주방,요리주점,4.41,서울 마포구 동교로 264,"[('월', {'open_time': '정보 없음', 'last_order_time': '정보 없음'}), ('화', {'open_time': '정보 없음', 'last_order_time': '정보 없음'}), ('수', {'open_time': '정보 없음', 'last_order_time': '정보 없음'}), ('목', {'open_time': '정보 없음', 'last_order_time': '정보 없음'}), ('금', {'open_time': '정보 없음', 'last_order_time': '정보 없음'}), ('토', {'open_time': '정보 없음', 'last_order_time': '정보 없음'}), ('일', {'open_time': '정보 없음', 'last_order_time': '정보 없음'})]",0507-1378-5818
전주상회,요리주점,4.41,서울 마포구 동교로 264,"[('월', {'open_time': '정보 없음', 'last_order_time': '정보 없음'}), ('화', {'open_time': '정보 없음', 'last_order_time': '정보 없음'}), ('수', {'open_time': '정보 없음', 'last_order_time': '정보 없음'}), ('목', {'open_time': '정보 없음', 'last_order_time': '정보 없음'}), ('금', {'open_time': '정보 없음', 'last_order_time': '정보 없음'}), ('토', {'open_time': '정보 없음', 'last_order_time': '정보 없음'}), ('일', {'open_time': '정보 없음', 'last_order_time': '정보 없음'})]",0507-1378-5818
요코쵸,이자카야,4.41,서울 마포구 동교로 264,"[('월', {'open_time': '정보 없음', 'last_order_time': '정보 없음'}), ('화', {'open_time': '정보 없음', 'last_order_time': '정보 없음'}), ('수', {'open_time': '정보 없음', 'last_order_time': '정보 없음'}), ('목', {'open_time': '정보 없음', 'last_order_time': '정보 없음'}), ('금', {'open_time': '정보 없음', 'last_order_time': '정보 없음'}), ('토', {'open_time': '정보 없음', 'last_order_time': '정보 없음'}), ('일', {'open_time': '정보 없음', 'last_order_time': '정보 없음'})]",0507-1378-5818
연주방,요리주점,4.41,서울 마포구 동교로 264,"[('월', {'open_time': '정보 없음', 'last_order_time': '정보 없음'}), ('화', {'open_time': '정보 없음', 'last_order_time': '정보 없음'}), ('수', {'open_time': '정보 없음', 'last_order_time': '정보 없음'}), ('목', {'open_time': '정보 없음', 'last_order_time': '정보 없음'}), ('금', {'open_time': '정보 없음', 'last_order_time': '정보 없음'}), ('토', {'open_time': '정보 없음', 'last_order_time': '정보 없음'}), ('일', {'open_time': '정보 없음', 'last_order_time': '정보 없음'})]",0507-1378-5818
이와나시,요리주점,4.51,서울 마포구 동교로46길 7 주차장 쪽 반지층,"[('월', {'open_time': '17:00 - 24:00', 'last_order_time': '정보 없음'}), ('화', {'open_time': '17:00 - 24:00', 'last_order_time': '정보 없음'}), ('수', {'open_time': '17:00 - 24:00', 'last_order_time': '정보 없음'}), ('목', {'open_time': '17:00 - 24:00', 'last_order_time': '정보 없음'}), ('금', {'open_time': '16:00 - 01:00', 'last_order_time': '정보 없음'}), ('토', {'open_time': '16:00 - 01:00', 'last_order_time': '정보 없음'}), ('일', {'open_time': '16:00 - 24:00', 'last_order_time': '정보 없음'})]",010-4346-4026
연남동미로끝,요리주점,정보 없음,서울 마포구 성미산로 190-4 지1층,"[('월', {'open_time': '18:00 - 01:00', 'last_order_time': '정보 없음'}), ('화', {'open_time': '18:00 - 01:00', 'last_order_time': '정보 없음'}), ('수', {'open_time': '18:00 - 01:00', 'last_order_time': '정보 없음'}), ('목', {'open_time': '18:00 - 01:00', 'last_order_time': '정보 없음'}), ('금', {'open_time': '18:00 - 03:00', 'last_order_time': '정보 없음'}), ('토', {'open_time': '18:00 - 03:00', 'last_order_time': '정보 없음'}), ('일', {'open_time': '18:00 - 01:00', 'last_order_time': '정보 없음'})]",0507-1383-1917
무취포차,요리주점,정보 없음,서울 마포구 동교로 256 2층 무취포차,"[('월', {'open_time': '정보 없음', 'last_order_time': '정보 없음'}), ('화', {'open_time': '정보 없음', 'last_order_time': '정보 없음'}), ('수', {'open_time': '정보 없음', 'last_order_time': '정보 없음'}), ('목', {'open_time': '정보 없음', 'last_order_time': '정보 없음'}), ('금', {'open_time': '정보 없음', 'last_order_time': '정보 없음'}), ('토', {'open_time': '정보 없음', 'last_order_time': '정보 없음'}), ('일', {'open_time': '정보 없음', 'last_order_time': '정보 없음'})]",0507-1480-1321
연남국자,요리주점,정보 없음,서울 마포구 동교로39길 7 1층,"[('월', {'open_time': '정보 없음', 'last_order_time': '정보 없음'}), ('화', {'open_time': '정보 없음', 'last_order_time': '정보 없음'}), ('수', {'open_time': '정보 없음', 'last_order_time': '정보 없음'}), ('목', {'open_time': '정보 없음', 'last_order_time': '정보 없음'}), ('금', {'open_time': '정보 없음', 'last_order_time': '정보 없음'}), ('토', {'open_time': '정보 없음', 'last_order_time': '정보 없음'}), ('일', {'open_time': '정보 없음', 'last_order_time': '정보 없음'})]",0507-1409-1194
차차밀로,요리주점,4.95,서울 마포구 동교로38길 33-12 2층 202호,"[('월', {'open_time': '휴무', 'last_order_time': '정보 없음'}), ('화', {'open_time': '17:00 - 24:00', 'last_order_time': '23:00'}), ('수', {'open_time': '17:00 - 24:00', 'last_order_time': '23:00'}), ('목', {'open_time': '17:00 - 24:00', 'last_order_time': '23:00'}), ('금', {'open_time': '17:00 - 01:00', 'last_order_time': '00:00'}), ('토', {'open_time': '15:00 - 01:00', 'last_order_time': '00:00'}), ('일', {'open_time': '15:00 - 01:00', 'last_order_time': '00:00'})]",02-6085-7082
덕자도요,요리주점,4.95,서울 마포구 동교로38길 33-12 2층 202호,"[('월', {'open_time': '정보 없음', 'last_order_time': '정보 없음'}), ('화', {'open_time': '정보 없음', 'last_order_time': '정보 없음'}), ('수', {'open_time': '정보 없음', 'last_order_time': '정보 없음'}), ('목', {'open_time': '정보 없음', 'last_order_time': '정보 없음'}), ('금', {'open_time': '정보 없음', 'last_order_time': '정보 없음'}), ('토', {'open_time': '정보 없음', 'last_order_time': '정보 없음'}), ('일', {'open_time': '정보 없음', 'last_order_time': '정보 없음'})]",02-6085-7082
맡기다,요리주점,4.95,서울 마포구 동교로38길 33-12 2층 202호,"[('월', {'open_time': '휴무', 'last_order_time': '정보 없음'}), ('화', {'open_time': '17:00 - 24:00', 'last_order_time': '23:00'}), ('수', {'open_time': '17:00 - 24:00', 'last_order_time': '23:00'}), ('목', {'open_time': '17:00 - 24:00', 'last_order_time': '23:00'}), ('금', {'open_time': '17:00 - 01:00', 'last_order_time': '00:00'}), ('토', {'open_time': '15:00 - 01:00', 'last_order_time': '00:00'}), ('일', {'open_time': '15:00 - 01:00', 'last_order_time': '00:00'})]",02-6085-7082
편씨푸드,요리주점,4.95,서울 마포구 동교로38길 33-12 2층 202호,"[('월', {'open_time': '정보 없음', 'last_order_time': '정보 없음'}), ('화', {'open_time': '정보 없음', 'last_order_time': '정보 없음'}), ('수', {'open_time': '정보 없음', 'last_order_time': '정보 없음'}), ('목', {'open_time': '정보 없음', 'last_order_time': '정보 없음'}), ('금', {'open_time': '정보 없음', 'last_order_time': '정보 없음'}), ('토', {'open_time': '정보 없음', 'last_order_time': '정보 없음'}), ('일', {'open_time': '정보 없음', 'last_order_time': '정보 없음'})]",02-6085-7082
애주당 연남점,술집,4.95,서울 마포구 동교로38길 33-12 2층 202호,"[('월', {'open_time': '휴무', 'last_order_time': '정보 없음'}), ('화', {'open_time': '17:00 - 24:00', 'last_order_time': '23:00'}), ('수', {'open_time': '17:00 - 24:00', 'last_order_time': '23:00'}), ('목', {'open_time': '17:00 - 24:00', 'last_order_time': '23:00'}), ('금', {'open_time': '17:00 - 01:00', 'last_order_time': '00:00'}), ('토', {'open_time': '15:00 - 01:00', 'last_order_time': '00:00'}), ('일', {'open_time': '15:00 - 01:00', 'last_order_time': '00:00'})]",02-6085-7082
한잔하다,요리주점,4.95,서울 마포구 동교로38길 33-12 2층 202호,"[('월', {'open_time': '정보 없음', 'last_order_time': '정보 없음'}), ('화', {'open_time': '정보 없음', 'last_order_time': '정보 없음'}), ('수', {'open_time': '정보 없음', 'last_order_time': '정보 없음'}), ('목', {'open_time': '정보 없음', 'last_order_time': '정보 없음'}), ('금', {'open_time': '정보 없음', 'last_order_time': '정보 없음'}), ('토', {'open_time': '정보 없음', 'last_order_time': '정보 없음'}), ('일', {'open_time': '정보 없음', 'last_order_time': '정보 없음'})]",02-6085-7082
오버조이드 연남,바(BAR),4.65,서울 마포구 성미산로 190-8 2층 이와나시,"[('월', {'open_time': '휴무', 'last_order_time': '정보 없음'}), ('화', {'open_time': '휴무', 'last_order_time': '정보 없음'}), ('수', {'open_time': '17:00 - 24:00', 'last_order_time': '정보 없음'}), ('목', {'open_time': '17:00 - 24:00', 'last_order_time': '정보 없음'}), ('금', {'open_time': '17:00 - 24:00', 'last_order_time': '정보 없음'}), ('토', {'open_time': '17:00 - 01:00', 'last_order_time': '정보 없음'}), ('일', {'open_time': '17:00 - 24:00', 'last_order_time': '정보 없음'})]",02-336-3445
어반써티연남,바(BAR),정보 없음,서울 마포구 동교로46길 40 지1층,"[('월', {'open_time': '휴무', 'last_order_time': '정보 없음'}), ('화', {'open_time': '16:00 - 24:00', 'last_order_time': '정보 없음'}), ('수', {'open_time': '16:00 - 24:00', 'last_order_time': '정보 없음'}), ('목', {'open_time': '16:00 - 24:00', 'last_order_time': '정보 없음'}), ('금', {'open_time': '16:00 - 24:00', 'last_order_time': '정보 없음'}), ('토', {'open_time': '16:00 - 24:00', 'last_order_time': '정보 없음'}), ('일', {'open_time': '16:00 - 24:00', 'last_order_time': '정보 없음'})]",0507-1331-5306
연남파도,이자카야,정보 없음,서울 마포구 성미산로 153-14 2층,"[('월', {'open_time': '휴무', 'last_order_time': '정보 없음'}), ('화', {'open_time': '17:00 - 01:00', 'last_order_time': '정보 없음'}), ('수', {'open_time': '17:00 - 01:00', 'last_order_time': '정보 없음'}), ('목', {'open_time': '17:00 - 01:00', 'last_order_time': '정보 없음'}), ('금', {'open_time': '17:00 - 01:00', 'last_order_time': '정보 없음'}), ('토', {'open_time': '17:00 - 01:00', 'last_order_time': '정보 없음'}), ('일', {'open_time': '17:00 - 01:00', 'last_order_time': '정보 없음'})]",010-3443-6756
숨은골목,"전통,민속주점",4.58,서울 마포구 동교로34길 12,"[('월', {'open_time': '17:00 - 24:00', 'last_order_time': '23:00'}), ('화', {'open_time': '17:00 - 24:00', 'last_order_time': '23:00'}), ('수', {'open_time': '17:00 - 24:00', 'last_order_time': '23:00'}), ('목', {'open_time': '17:00 - 24:00', 'last_order_time': '23:00'}), ('금', {'open_time': '17:00 - 01:00', 'last_order_time': '00:00'}), ('토', {'open_time': '17:00 - 01:00', 'last_order_time': '00:00'}), ('일', {'open_time': '휴무', 'last_order_time': '정보 없음'})]",02-323-4633
야키토리 지중,이자카야,4.58,서울 마포구 동교로34길 12,"[('월', {'open_time': '정보 없음', 'last_order_time': '정보 없음'}), ('화', {'open_time': '정보 없음', 'last_order_time': '정보 없음'}), ('수', {'open_time': '정보 없음', 'last_order_time': '정보 없음'}), ('목', {'open_time': '정보 없음', 'last_order_time': '정보 없음'}), ('금', {'open_time': '정보 없음', 'last_order_time': '정보 없음'}), ('토', {'open_time': '정보 없음', 'last_order_time': '정보 없음'}), ('일', {'open_time': '정보 없음', 'last_order_time': '정보 없음'})]",02-323-4633
캔슬링,바(BAR),4.58,서울 마포구 동교로34길 12,"[('월', {'open_time': '17:00 - 24:00', 'last_order_time': '23:00'}), ('화', {'open_time': '17:00 - 24:00', 'last_order_time': '23:00'}), ('수', {'open_time': '17:00 - 24:00', 'last_order_time': '23:00'}), ('목', {'open_time': '17:00 - 24:00', 'last_order_time': '23:00'}), ('금', {'open_time': '17:00 - 01:00', 'last_order_time': '00:00'}), ('토', {'open_time': '17:00 - 01:00', 'last_order_time': '00:00'}), ('일', {'open_time': '휴무', 'last_order_time': '정보 없음'})]",02-323-4633
레이트체크아웃,와인,4.58,서울 마포구 동교로34길 12,"[('월', {'open_time': '정보 없음', 'last_order_time': '정보 없음'}), ('화', {'open_time': '정보 없음', 'last_order_time': '정보 없음'}), ('수', {'open_time': '정보 없음', 'last_order_time': '정보 없음'}), ('목', {'open_time': '정보 없음', 'last_order_time': '정보 없음'}), ('금', {'open_time': '정보 없음', 'last_order_time': '정보 없음'}), ('토', {'open_time': '정보 없음', 'last_order_time': '정보 없음'}), ('일', {'open_time': '정보 없음', 'last_order_time': '정보 없음'})]",02-323-4633
온실,와인,4.58,서울 마포구 동교로34길 12,"[('월', {'open_time': '17:00 - 24:00', 'last_order_time': '23:00'}), ('화', {'open_time': '17:00 - 24:00', 'last_order_time': '23:00'}), ('수', {'open_time': '17:00 - 24:00', 'last_order_time': '23:00'}), ('목', {'open_time': '17:00 - 24:00', 'last_order_time': '23:00'}), ('금', {'open_time': '17:00 - 01:00', 'last_order_time': '00:00'}), ('토', {'open_time': '17:00 - 01:00', 'last_order_time': '00:00'}), ('일', {'open_time': '휴무', 'last_order_time': '정보 없음'})]",02-323-4633
물레방아,와인,4.58,서울 마포구 동교로34길 12,"[('월', {'open_time': '정보 없음', 'last_order_time': '정보 없음'}), ('화', {'open_time': '정보 없음', 'last_order_time': '정보 없음'}), ('수', {'open_time': '정보 없음', 'last_order_time': '정보 없음'}), ('목', {'open_time': '정보 없음', 'last_order_time': '정보 없음'}), ('금', {'open_time': '정보 없음', 'last_order_time': '정보 없음'}), ('토', {'open_time': '정보 없음', 'last_order_time': '정보 없음'}), ('일', {'open_time': '정보 없음', 'last_order_time': '정보 없음'})]",02-323-4633
아디오도시 파리,와인,4.58,서울 마포구 동교로34길 12,"[('월', {'open_time': '17:00 - 24:00', 'last_order_time': '23:00'}), ('화', {'open_time': '17:00 - 24:00', 'last_order_time': '23:00'}), ('수', {'open_time': '17:00 - 24:00', 'last_order_time': '23:00'}), ('목', {'open_time': '17:00 - 24:00', 'last_order_time': '23:00'}), ('금', {'open_time': '17:00 - 01:00', 'last_order_time': '00:00'}), ('토', {'open_time': '17:00 - 01:00', 'last_order_time': '00:00'}), ('일', {'open_time': '휴무', 'last_order_time': '정보 없음'})]",02-323-4633
아트와떵,와인,정보 없음,서울 마포구 동교로50길 25 1층 101호,"[('월', {'open_time': '휴무', 'last_order_time': '정보 없음'}), ('화', {'open_time': '12:00 - 24:00', 'last_order_time': '15:00 - 17:00 브레이크타임'}), ('수', {'open_time': '12:00 - 24:00', 'last_order_time': '15:00 - 17:00 브레이크타임'}), ('목', {'open_time': '12:00 - 24:00', 'last_order_time': '15:00 - 17:00 브레이크타임'}), ('금', {'open_time': '12:00 - 24:00', 'last_order_time': '15:00 - 17:00 브레이크타임'}), ('토', {'open_time': '12:00 - 24:00', 'last_order_time': '15:00 - 17:00 브레이크타임'}), ('일', {'open_time': '휴무', 'last_order_time': '정보 없음'})]",010-3249-5325
와인바 별채,와인,4.69,서울 마포구 동교로 262-3 1층 와인바 별채,"[('월', {'open_time': '휴무', 'last_order_time': '정보 없음'}), ('화', {'open_time': '18:00 - 24:00', 'last_order_time': '정보 없음'}), ('수', {'open_time': '18:00 - 24:00', 'last_order_time': '정보 없음'}), ('목', {'open_time': '18:00 - 24:00', 'last_order_time': '정보 없음'}), ('금', {'open_time': '18:00 - 01:00', 'last_order_time': '정보 없음'}), ('토', {'open_time': '18:00 - 01:00', 'last_order_time': '정보 없음'}), ('일', {'open_time': '18:00 - 24:00', 'last_order_time': '정보 없음'})]",070-7645-7891
구룰루,와인,4.69,서울 마포구 동교로 262-3 1층 와인바 별채,"[('월', {'open_time': '정보 없음', 'last_order_time': '정보 없음'}), ('화', {'open_time': '정보 없음', 'last_order_time': '정보 없음'}), ('수', {'open_time': '정보 없음', 'last_order_time': '정보 없음'}), ('목', {'open_time': '정보 없음', 'last_order_time': '정보 없음'}), ('금', {'open_time': '정보 없음', 'last_order_time': '정보 없음'}), ('토', {'open_time': '정보 없음', 'last_order_time': '정보 없음'}), ('일', {'open_time': '정보 없음', 'last_order_time': '정보 없음'})]",070-7645-7891
when where wine,와인,4.69,서울 마포구 동교로 262-3 1층 와인바 별채,"[('월', {'open_time': '휴무', 'last_order_time': '정보 없음'}), ('화', {'open_time': '18:00 - 24:00', 'last_order_time': '정보 없음'}), ('수', {'open_time': '18:00 - 24:00', 'last_order_time': '정보 없음'}), ('목', {'open_time': '18:00 - 24:00', 'last_order_time': '정보 없음'}), ('금', {'open_time': '18:00 - 01:00', 'last_order_time': '정보 없음'}), ('토', {'open_time': '18:00 - 01:00', 'last_order_time': '정보 없음'}), ('일', {'open_time': '18:00 - 24:00', 'last_order_time': '정보 없음'})]",070-7645-7891
빠레트,바(BAR),4.69,서울 마포구 동교로 262-3 1층 와인바 별채,"[('월', {'open_time': '정보 없음', 'last_order_time': '정보 없음'}), ('화', {'open_time': '정보 없음', 'last_order_time': '정보 없음'}), ('수', {'open_time': '정보 없음', 'last_order_time': '정보 없음'}), ('목', {'open_time': '정보 없음', 'last_order_time': '정보 없음'}), ('금', {'open_time': '정보 없음', 'last_order_time': '정보 없음'}), ('토', {'open_time': '정보 없음', 'last_order_time': '정보 없음'}), ('일', {'open_time': '정보 없음', 'last_order_time': '정보 없음'})]",070-7645-7891
얍,와인,4.69,서울 마포구 동교로 262-3 1층 와인바 별채,"[('월', {'open_time': '휴무', 'last_order_time': '정보 없음'}), ('화', {'open_time': '18:00 - 24:00', 'last_order_time': '정보 없음'}), ('수', {'open_time': '18:00 - 24:00', 'last_order_time': '정보 없음'}), ('목', {'open_time': '18:00 - 24:00', 'last_order_time': '정보 없음'}), ('금', {'open_time': '18:00 - 01:00', 'last_order_time': '정보 없음'}), ('토', {'open_time': '18:00 - 01:00', 'last_order_time': '정보 없음'}), ('일', {'open_time': '18:00 - 24:00', 'last_order_time': '정보 없음'})]",070-7645-7891
주재,바(BAR),4.69,서울 마포구 동교로 262-3 1층 와인바 별채,"[('월', {'open_time': '정보 없음', 'last_order_time': '정보 없음'}), ('화', {'open_time': '정보 없음', 'last_order_time': '정보 없음'}), ('수', {'open_time': '정보 없음', 'last_order_time': '정보 없음'}), ('목', {'open_time': '정보 없음', 'last_order_time': '정보 없음'}), ('금', {'open_time': '정보 없음', 'last_order_time': '정보 없음'}), ('토', {'open_time': '정보 없음', 'last_order_time': '정보 없음'}), ('일', {'open_time': '정보 없음', 'last_order_time': '정보 없음'})]",070-7645-7891
GWEEK,술집,4.69,서울 마포구 동교로 262-3 1층 와인바 별채,"[('월', {'open_time': '휴무', 'last_order_time': '정보 없음'}), ('화', {'open_time': '18:00 - 24:00', 'last_order_time': '정보 없음'}), ('수', {'open_time': '18:00 - 24:00', 'last_order_time': '정보 없음'}), ('목', {'open_time': '18:00 - 24:00', 'last_order_time': '정보 없음'}), ('금', {'open_time': '18:00 - 01:00', 'last_order_time': '정보 없음'}), ('토', {'open_time': '18:00 - 01:00', 'last_order_time': '정보 없음'}), ('일', {'open_time': '18:00 - 24:00', 'last_order_time': '정보 없음'})]",070-7645-7891
데어데어,"맥주,호프",4.69,서울 마포구 동교로 262-3 1층 와인바 별채,"[('월', {'open_time': '정보 없음', 'last_order_time': '정보 없음'}), ('화', {'open_time': '정보 없음', 'last_order_time': '정보 없음'}), ('수', {'open_time': '정보 없음', 'last_order_time': '정보 없음'}), ('목', {'open_time': '정보 없음', 'last_order_time': '정보 없음'}), ('금', {'open_time': '정보 없음', 'last_order_time': '정보 없음'}), ('토', {'open_time': '정보 없음', 'last_order_time': '정보 없음'}), ('일', {'open_time': '정보 없음', 'last_order_time': '정보 없음'})]",070-7645-7891
연남일기,와인,4.69,서울 마포구 동교로 262-3 1층 와인바 별채,"[('월', {'open_time': '휴무', 'last_order_time': '정보 없음'}), ('화', {'open_time': '18:00 - 24:00', 'last_order_time': '정보 없음'}), ('수', {'open_time': '18:00 - 24:00', 'last_order_time': '정보 없음'}), ('목', {'open_time': '18:00 - 24:00', 'last_order_time': '정보 없음'}), ('금', {'open_time': '18:00 - 01:00', 'last_order_time': '정보 없음'}), ('토', {'open_time': '18:00 - 01:00', 'last_order_time': '정보 없음'}), ('일', {'open_time': '18:00 - 24:00', 'last_order_time': '정보 없음'})]",070-7645-7891
