shop_name,shop_type,shop_star_rating,shop_address,shop_time_info,shop_contact
토끼다이닝,요리주점,정보 없음,서울 마포구 독막로5길 5 2층,"[['영업 중', '23:00에 라스트오더', '23시 0분에 라스트오더'], ['화', '12:00 - 24:00', '23:00 라스트오더'], ['수', '12:00 - 24:00', '23:00 라스트오더'], ['목', '12:00 - 24:00', '23:00 라스트오더'], ['금', '12:00 - 02:00', '01:00 라스트오더'], ['토', '12:00 - 02:00', '01:00 라스트오더'], ['일', '12:00 - 24:00', '23:00 라스트오더'], ['월', '12:00 - 24:00', '23:00 라스트오더']]",0507-1375-2431
아톰술집,이자카야,정보 없음,서울 마포구 와우산로18길 6 2층 아톰술집,"[['영업 중', '04:15에 라스트오더', '4시 15분에 라스트오더'], ['화', '17:00 - 05:00', '04:15 라스트오더'], ['수', '17:00 - 05:00', '04:15 라스트오더'], ['목', '17:00 - 05:00', '04:15 라스트오더'], ['금', '17:00 - 05:00', '04:15 라스트오더'], ['토', '17:00 - 05:00', '04:15 라스트오더'], ['일', '17:00 - 05:00', '04:15 라스트오더'], ['월', '17:00 - 05:00', '04:15 라스트오더'], ['- 휴무일없음으로 변경되었습니다']]",0507-1466-1718
배터리88 홍대점,요리주점,4.4,서울 마포구 와우산로19길 6 1층,"[['영업 중', '05:00에 영업 종료', '5시 0분에 영업 종료'], ['매일', '17:00 - 05:00']]",0507-1487-0883
발리 슈퍼스토어,"맥주,호프",4.4,서울 마포구 와우산로19길 6 1층,"[['영업 중', '05:00에 영업 종료', '5시 0분에 영업 종료', '펼쳐보기']]",0507-1487-0883
서교주담 합정,요리주점,4.75,서울 마포구 어울마당로5길 46 1층 서교주담 합정,"[['영업 중', '24:00에 영업 종료', '0시 0분에 영업 종료'], ['화', '17:00 - 24:00'], ['수', '17:00 - 24:00'], ['목', '17:00 - 24:00'], ['금', '17:00 - 02:00'], ['토', '15:00 - 02:00'], ['일', '15:00 - 24:00'], ['월', '17:00 - 24:00']]",010-5656-9309
배터리88 2호점 홍대입구역점,요리주점,4.75,서울 마포구 어울마당로5길 46 1층 서교주담 합정,"[['영업 중', '24:00에 영업 종료', '0시 0분에 영업 종료', '펼쳐보기']]",010-5656-9309
붉은낙타,요리주점,정보 없음,서울 마포구 잔다리로 20-11 1층 붉은낙타,"[['영업 중', '00:00에 라스트오더', '0시 0분에 라스트오더'], ['화', '17:00 - 01:00', '00:00 라스트오더'], ['수', '17:00 - 01:00', '00:00 라스트오더'], ['목', '17:00 - 01:00', '00:00 라스트오더'], ['금', '17:00 - 03:00', '02:00 라스트오더'], ['토', '17:00 - 03:00', '02:00 라스트오더'], ['일', '17:00 - 01:00', '00:00 라스트오더'], ['월', '17:00 - 01:00', '00:00 라스트오더'], ['- 에어컨 공사로 인해 이틀 쉬어갑니다 ㅠㅠ']]",070-4833-5965
썬키친,요리주점,4.89,서울 마포구 양화로6길 50 2층,"[['영업 중', '23:00에 라스트오더', '23시 0분에 라스트오더'], ['화', '12:00 - 24:00', '23:00 라스트오더'], ['수', '12:00 - 24:00', '23:00 라스트오더'], ['목', '12:00 - 24:00', '23:00 라스트오더'], ['금', '12:00 - 24:00', '23:00 라스트오더'], ['토', '12:00 - 24:00', '23:00 라스트오더'], ['일', '12:00 - 24:00', '23:00 라스트오더'], ['월', '정기휴무 (매주 월요일)']]",0507-1338-4681
맥주왕명주,"맥주,호프",4.89,서울 마포구 양화로6길 50 2층,"[['영업 중', '23:00에 라스트오더', '23시 0분에 라스트오더', '펼쳐보기']]",0507-1338-4681
산울림1992,요리주점,4.45,서울 마포구 서강로9길 60 산울림1992,"[['영업 중', '23:00에 라스트오더', '23시 0분에 라스트오더'], ['화', '17:00 - 24:00', '23:00 라스트오더'], ['수', '17:00 - 24:00', '23:00 라스트오더'], ['목', '17:00 - 24:00', '23:00 라스트오더'], ['금', '17:00 - 01:00', '00:00 라스트오더'], ['토', '17:00 - 01:00', '00:00 라스트오더'], ['일', '15:00 - 23:00', '22:00 라스트오더'], ['월', '정기휴무 (매주 월요일)'], ['나혼자산다 450회, 22.06.17.', '2022년 6월 17일', ' 비빔파스타/조개탕/육전', '펼쳐보기'], [''], ['']]",0507-1417-0352
쿠시노주방,이자카야,4.45,서울 마포구 서강로9길 60 산울림1992,"[['영업 중', '23:00에 라스트오더', '23시 0분에 라스트오더', '펼쳐보기'], ['나혼자산다 450회, 22.06.17.', '2022년 6월 17일', ' 비빔파스타/조개탕/육전', '펼쳐보기'], [''], ['']]",0507-1417-0352
홍콩포차,요리주점,정보 없음,서울 마포구 홍익로3길 44 2층,"[['영업 중', '06:00에 영업 종료', '6시 0분에 영업 종료'], ['매일', '16:00 - 06:00']]",0507-1335-4002
훈민정음 서울합정점,요리주점,4.52,서울 마포구 독막로7길 21,"[['영업 중', '02:00에 영업 종료', '2시 0분에 영업 종료'], ['화', '17:00 - 02:00'], ['수', '17:00 - 02:00'], ['목', '17:00 - 02:00'], ['금', '17:00 - 04:00'], ['토', '17:00 - 04:00'], ['일', '17:00 - 02:00'], ['월', '17:00 - 02:00']]",02-336-1447
상수주택,요리주점,4.52,서울 마포구 독막로7길 21,"[['영업 중', '02:00에 영업 종료', '2시 0분에 영업 종료', '펼쳐보기']]",02-336-1447
무채색,요리주점,정보 없음,서울 마포구 동교로32길 19 3층,"[['곧 영업 시작', '18:00에 영업 시작', '18시 0분에 영업 시작'], ['화', '18:00 - 24:00', '23:00 라스트오더'], ['수', '18:00 - 24:00', '23:00 라스트오더'], ['목', '18:00 - 24:00', '23:00 라스트오더'], ['금', '18:00 - 02:00', '01:00 라스트오더'], ['토', '18:00 - 02:00', '01:00 라스트오더'], ['일', '18:00 - 24:00', '23:00 라스트오더'], ['월', '18:00 - 24:00', '23:00 라스트오더'], ['생방송투데이 3239회, 23.02.22.', '2023년 2월 22일', ' 수비드삼겹물수육']]",0507-1354-4046
호맥 합정점,"맥주,호프",4.44,서울 마포구 독막로5길 5 대웅빌딩 1층 호맥,"[['영업 중', '00:30에 라스트오더', '0시 30분에 라스트오더'], ['화', '16:30 - 01:30', '00:30 라스트오더'], ['수', '16:30 - 01:30', '00:30 라스트오더'], ['목', '16:30 - 01:30', '00:30 라스트오더'], ['금', '16:30 - 02:00', '01:00 라스트오더'], ['토', '14:00 - 02:00', '01:00 라스트오더'], ['일', '14:00 - 01:30', '00:30 라스트오더'], ['월', '16:30 - 01:30', '00:30 라스트오더']]",02-333-7466
락소울윙,요리주점,4.44,서울 마포구 독막로5길 5 대웅빌딩 1층 호맥,"[['영업 중', '00:30에 라스트오더', '0시 30분에 라스트오더', '펼쳐보기']]",02-333-7466
금호동매운닭발,요리주점,정보 없음,서울 마포구 와우산로29바길 11-3 지하1층 금호동매운닭발,"[['영업 중', '01:00에 라스트오더', '1시 0분에 라스트오더'], ['화', '16:00 - 02:00', '01:00 라스트오더'], ['수', '16:00 - 02:00', '01:00 라스트오더'], ['목', '16:00 - 02:00', '01:00 라스트오더'], ['금', '16:00 - 02:00', '01:00 라스트오더'], ['토', '16:00 - 02:00', '01:00 라스트오더'], ['일', '정기휴무 (매주 일요일)'], ['월', '16:00 - 02:00', '01:00 라스트오더']]",0507-1461-7630
지하102호 1호점,이자카야,4.72,서울 마포구 양화로6길 57-22 지층 102호,"[['영업 중', '01:00에 라스트오더', '1시 0분에 라스트오더'], ['화', '16:00 - 02:00', '01:00 라스트오더'], ['수', '16:00 - 02:00', '01:00 라스트오더'], ['목', '16:00 - 02:00', '01:00 라스트오더'], ['금', '15:00 - 03:00', '02:00 라스트오더'], ['토', '15:00 - 03:00', '02:00 라스트오더'], ['일', '15:00 - 03:00', '02:00 라스트오더'], ['월', '16:00 - 02:00', '01:00 라스트오더']]",0507-1308-8648
조선시대,요리주점,4.72,서울 마포구 양화로6길 57-22 지층 102호,"[['영업 중', '01:00에 라스트오더', '1시 0분에 라스트오더', '펼쳐보기']]",0507-1308-8648
몽주방,요리주점,정보 없음,서울 마포구 독막로7길 20 1층,"[['영업 중', '02:30에 영업 종료', '2시 30분에 영업 종료'], ['매일', '16:00 - 02:30'], ['줄서는식당 37회, 22.10.10.', '2022년 10월 10일', ' 압력밥솥닭볶음탕/소고기다타키/창난젓크림치즈/통삼겹김치찜']]",0507-1364-7875
연술집,요리주점,4.83,서울 마포구 연희로1길 36 2층 201호,"[['영업 중', '24:00에 영업 종료', '0시 0분에 영업 종료'], ['화', '15:00 - 24:00'], ['수', '15:00 - 24:00'], ['목', '15:00 - 24:00'], ['금', '15:00 - 01:00'], ['토', '15:00 - 01:00'], ['일', '15:00 - 24:00'], ['월', '15:00 - 24:00'], ['- 4/20 휴무입니다.']]",0507-1358-3675
썸잉 홍대점,요리주점,4.83,서울 마포구 연희로1길 36 2층 201호,"[['영업 중', '24:00에 영업 종료', '0시 0분에 영업 종료', '펼쳐보기'], ['']]",0507-1358-3675
형제상회,포장마차,4.65,서울 마포구 양화로6길 73 1층 4호 형제상회,"[['곧 영업 시작', '18:00에 영업 시작', '18시 0분에 영업 시작'], ['화', '18:00 - 02:00'], ['수', '18:00 - 02:00'], ['목', '18:00 - 02:00'], ['금', '18:00 - 02:00'], ['토', '18:00 - 02:00'], ['일', '18:00 - 24:00'], ['월', '정기휴무 (매주 월요일)']]",0507-1429-9299
깊은숲,"맥주,호프",4.65,서울 마포구 양화로6길 73 1층 4호 형제상회,"[['곧 영업 시작', '18:00에 영업 시작', '18시 0분에 영업 시작', '펼쳐보기']]",0507-1429-9299
홍대공감,이자카야,정보 없음,서울 마포구 와우산로17길 10 2F,"[['영업 중', '02:00에 영업 종료', '2시 0분에 영업 종료'], ['매일', '16:00 - 02:00'], ['- 정부 방역지침으로 인한 영업시간 조정']]",0507-1319-1675
동동포차DDPC,요리주점,4.7,서울 마포구 독막로3길 30 1층,"[['영업 중', '03:00에 영업 종료', '3시 0분에 영업 종료'], ['매일', '17:00 - 03:00']]",02-336-0358
개화기요정,요리주점,4.7,서울 마포구 독막로3길 30 1층,"[['영업 중', '03:00에 영업 종료', '3시 0분에 영업 종료', '펼쳐보기']]",02-336-0358
심야식당밤,이자카야,4.79,서울 마포구 와우산로29바길 16 반지층 심야식당밤,"[['영업 중', '02:00에 영업 종료', '2시 0분에 영업 종료'], ['매일', '17:00 - 02:00']]",0507-1383-3321
우규,이자카야,4.79,서울 마포구 와우산로29바길 16 반지층 심야식당밤,"[['영업 중', '02:00에 영업 종료', '2시 0분에 영업 종료', '펼쳐보기']]",0507-1383-3321
사카바 토리야,이자카야,정보 없음,서울 마포구 독막로3길 38 2층,"[['곧 영업 시작', '18:00에 영업 시작', '18시 0분에 영업 시작'], ['화', '18:00 - 02:00', '01:30 라스트오더'], ['수', '18:00 - 02:00', '01:30 라스트오더'], ['목', '18:00 - 02:00', '01:30 라스트오더'], ['금', '17:00 - 02:00', '01:30 라스트오더'], ['토', '17:00 - 02:00', '01:30 라스트오더'], ['일', '17:00 - 02:00', '01:30 라스트오더'], ['월', '정기휴무 (매주 월요일)'], ['- 명절/ 휴가 등 특이사항 휴무일은 인스타그램에 공지해요'], ['생방송투데이 3197회, 22.12.22.', '2022년 12월 22일', ' 일본식닭꼬치']]",0507-1353-4741
서플라이디팟,"맥주,호프",4.86,서울 마포구 잔다리로 4 2층,"[['영업 중', '04:00에 영업 종료', '4시 0분에 영업 종료'], ['매일', '17:00 - 04:00']]",010-9311-2431
슈퍼룸방구,포장마차,4.86,서울 마포구 잔다리로 4 2층,"[['영업 중', '04:00에 영업 종료', '4시 0분에 영업 종료', '펼쳐보기']]",010-9311-2431
낮달,요리주점,4.37,서울 마포구 독막로5길 8 1층 낮달,"[['영업 중', '02:00에 영업 종료', '2시 0분에 영업 종료'], ['화', '15:00 - 02:00'], ['수', '15:00 - 02:00'], ['목', '15:00 - 02:00'], ['금', '15:00 - 02:00'], ['토', '14:00 - 02:00'], ['일', '14:00 - 01:00'], ['월(7/17)', '제헌절14:00 - 01:00']]",0507-1312-0597
심야식당하스,이자카야,4.37,서울 마포구 독막로5길 8 1층 낮달,"[['영업 중', '02:00에 영업 종료', '2시 0분에 영업 종료', '펼쳐보기']]",0507-1312-0597
몽주막,요리주점,정보 없음,서울 마포구 독막로9길 12 1층 몽주막,"[['영업 중', '00:30에 라스트오더', '0시 30분에 라스트오더'], ['화', '16:00 - 01:00', '00:30 라스트오더'], ['수', '16:00 - 01:00', '00:30 라스트오더'], ['목', '16:00 - 01:00', '00:30 라스트오더'], ['금', '16:00 - 02:30', '02:00 라스트오더'], ['토', '15:00 - 02:30', '02:00 라스트오더'], ['일', '15:30 - 01:00', '00:30 라스트오더'], ['월', '16:00 - 01:00', '00:30 라스트오더']]",0507-1353-3844
벽돌포차 홍대점,포장마차,정보 없음,서울 마포구 와우산로17길 5,"[['영업 중', '04:00에 라스트오더', '4시 0분에 라스트오더'], ['화', '17:00 - 05:00', '04:00 라스트오더'], ['수', '17:00 - 05:00', '04:00 라스트오더'], ['목', '17:00 - 05:00', '04:00 라스트오더'], ['금', '18:00 - 06:00', '05:00 라스트오더'], ['토', '17:00 - 06:00', '05:00 라스트오더'], ['일', '17:00 - 05:00', '04:00 라스트오더'], ['월', '17:00 - 05:00', '04:00 라스트오더']]",0507-1404-8881
무채색 숲,요리주점,정보 없음,서울 마포구 동교로32길 10 지하1층 1호,"[['곧 영업 시작', '18:00에 영업 시작', '18시 0분에 영업 시작'], ['화', '18:00 - 03:00', '02:00 라스트오더'], ['수', '18:00 - 03:00', '02:00 라스트오더'], ['목', '18:00 - 03:00', '02:00 라스트오더'], ['금', '18:00 - 03:00', '02:00 라스트오더'], ['토', '18:00 - 05:00', '04:00 라스트오더'], ['일', '18:00 - 03:00', '02:00 라스트오더'], ['월', '18:00 - 03:00', '02:00 라스트오더']]",0507-1377-4046
슬슬,술집,정보 없음,서울 마포구 연희로1길 23,"[['영업 중', '23:00에 영업 종료', '23시 0분에 영업 종료'], ['화', '17:00 - 23:00'], ['수', '17:00 - 23:00'], ['목', '17:00 - 23:00'], ['금', '17:00 - 23:00'], ['토', '16:00 - 23:00'], ['일', '16:00 - 23:00'], ['월', '17:00 - 23:00'], ['- 휴무는 인스타공지 ☆ 148_2seulseul']]",010-3907-0093
가로수포차,요리주점,정보 없음,서울 마포구 잔다리로6길 34-13 가로수포차,"[['영업 중', '02:30에 영업 종료', '2시 30분에 영업 종료'], ['매일', '17:00 - 02:30']]",010-7357-2551
주섬주섬,요리주점,4.74,서울 마포구 와우산로21길 36-12,"[['영업 중', '23:00에 영업 종료', '23시 0분에 영업 종료'], ['화', '16:00 - 23:00'], ['수', '16:00 - 23:00'], ['목', '16:00 - 23:00'], ['금', '16:00 - 24:00'], ['토', '16:00 - 24:00'], ['일', '16:00 - 23:00'], ['월', '정기휴무 (매주 월요일)'], ['- 월요일 휴무입니다']]",0507-1325-5230
사람사는이야기442,요리주점,4.74,서울 마포구 와우산로21길 36-12,"[['영업 중', '23:00에 영업 종료', '23시 0분에 영업 종료', '펼쳐보기'], ['']]",0507-1325-5230
역전포장마차 홍대점,술집,4.64,서울 마포구 양화로 183 지하1층,"[['영업 중', '24:00에 영업 종료', '0시 0분에 영업 종료'], ['화', '16:00 - 24:00'], ['수', '16:00 - 24:00'], ['목', '16:00 - 24:00'], ['금', '16:00 - 24:00'], ['토', '16:00 - 02:00'], ['일', '16:00 - 24:00'], ['월', '16:00 - 24:00']]",0507-1376-3340
합정유리,요리주점,4.64,서울 마포구 양화로 183 지하1층,"[['영업 중', '24:00에 영업 종료', '0시 0분에 영업 종료', '펼쳐보기']]",0507-1376-3340
밤말,술집,정보 없음,서울 마포구 동교로 220-5 1.5층,"[['영업 중', '01:00에 라스트오더', '1시 0분에 라스트오더'], ['화', '17:00 - 02:00', '01:00 라스트오더'], ['수', '17:00 - 02:00', '01:00 라스트오더'], ['목', '17:00 - 02:00', '01:00 라스트오더'], ['금', '17:00 - 02:00', '01:00 라스트오더'], ['토', '17:00 - 02:00', '01:00 라스트오더'], ['일', '14:00 - 24:00', '23:00 라스트오더'], ['월', '정기휴무 (매주 월요일)']]",0507-1313-5446
하나킨,이자카야,정보 없음,서울 마포구 동교로32길 8 1층,"[['영업 중', '01:00에 영업 종료', '1시 0분에 영업 종료'], ['화', '17:00 - 01:00'], ['수', '17:00 - 01:00'], ['목', '17:00 - 01:00'], ['금', '17:00 - 02:00'], ['토', '16:00 - 02:00'], ['일', '16:00 - 01:00'], ['월(7/17)', '제헌절17:00 - 01:00']]",0507-1322-4213
지하102호 2호점,이자카야,4.96,서울 마포구 독막로3길 39 1층,"[['영업 중', '02:00에 영업 종료', '2시 0분에 영업 종료'], ['화', '15:00 - 02:00'], ['수', '15:00 - 02:00'], ['목', '15:00 - 02:00'], ['금', '15:00 - 04:00'], ['토', '15:00 - 04:00'], ['일', '15:00 - 02:00'], ['월', '15:00 - 02:00']]",0507-1388-8648
모양,요리주점,4.96,서울 마포구 독막로3길 39 1층,"[['영업 중', '02:00에 영업 종료', '2시 0분에 영업 종료', '펼쳐보기']]",0507-1388-8648
하루,이자카야,정보 없음,서울 마포구 와우산로32길 31-8 1층,"[['영업 중', '00:00에 라스트오더', '0시 0분에 라스트오더'], ['화', '17:00 - 01:00', '00:00 라스트오더'], ['수', '17:00 - 01:00', '00:00 라스트오더'], ['목', '17:00 - 01:00', '00:00 라스트오더'], ['금', '17:00 - 02:00', '01:00 라스트오더'], ['토', '17:00 - 02:00', '01:00 라스트오더'], ['일', '17:00 - 01:00', '00:00 라스트오더'], ['월', '17:00 - 01:00', '00:00 라스트오더']]",0507-1344-6512
만선호프 홍대점,"맥주,호프",정보 없음,서울 마포구 와우산로17길 15 1층,"[['영업 중', '04:00에 라스트오더', '4시 0분에 라스트오더'], ['화', '17:00 - 05:00', '04:00 라스트오더'], ['수', '17:00 - 05:00', '04:00 라스트오더'], ['목', '17:00 - 05:00', '04:00 라스트오더'], ['금', '17:00 - 07:00', '06:00 라스트오더'], ['토', '17:00 - 07:00', '06:00 라스트오더'], ['일', '17:00 - 05:00', '04:00 라스트오더'], ['월', '17:00 - 05:00', '04:00 라스트오더']]",0507-1360-1803
별그리는바다,이자카야,정보 없음,서울 마포구 어울마당로5길 17 1층,"[['영업 중', '03:00에 영업 종료', '3시 0분에 영업 종료'], ['화', '17:00 - 03:00'], ['수', '17:00 - 03:00'], ['목', '17:00 - 03:00'], ['금', '17:00 - 05:00'], ['토', '17:00 - 05:00'], ['일', '17:00 - 03:00'], ['월', '17:00 - 03:00']]",0507-1361-4011
세부인보드카,요리주점,4.22,서울 마포구 양화로6길 65 2층,"[['영업 중', '03:00에 영업 종료', '3시 0분에 영업 종료'], ['화', '17:00 - 03:00'], ['수', '17:00 - 03:00'], ['목', '17:00 - 03:00'], ['금', '17:00 - 03:00'], ['토', '15:00 - 03:00'], ['일', '15:00 - 03:00'], ['월(7/17)', '제헌절17:00 - 03:00']]",02-322-3634
카시,이자카야,4.22,서울 마포구 양화로6길 65 2층,"[['영업 중', '03:00에 영업 종료', '3시 0분에 영업 종료', '펼쳐보기']]",02-322-3634
불나방,술집,4.71,서울 마포구 와우산로29길 4-26,"[['곧 영업 시작', '18:00에 영업 시작', '18시 0분에 영업 시작'], ['화', '18:00 - 01:00'], ['수', '18:00 - 01:00'], ['목', '18:00 - 01:00'], ['금', '18:00 - 02:00'], ['토', '18:00 - 02:00'], ['일', '18:00 - 01:00'], ['월', '정기휴무 (매주 월요일)']]",0507-1476-2149
토끼다이닝,요리주점,4.71,서울 마포구 와우산로29길 4-26,"[['곧 영업 시작', '18:00에 영업 시작', '18시 0분에 영업 시작', '펼쳐보기']]",0507-1476-2149
아톰술집,이자카야,정보 없음,서울 마포구 와우산로18길 6 2층 아톰술집,"[['영업 중', '04:15에 라스트오더', '4시 15분에 라스트오더'], ['화', '17:00 - 05:00', '04:15 라스트오더'], ['수', '17:00 - 05:00', '04:15 라스트오더'], ['목', '17:00 - 05:00', '04:15 라스트오더'], ['금', '17:00 - 05:00', '04:15 라스트오더'], ['토', '17:00 - 05:00', '04:15 라스트오더'], ['일', '17:00 - 05:00', '04:15 라스트오더'], ['월', '17:00 - 05:00', '04:15 라스트오더'], ['- 휴무일없음으로 변경되었습니다']]",0507-1466-1718
배터리88 홍대점,요리주점,4.4,서울 마포구 와우산로19길 6 1층,"[['영업 중', '05:00에 영업 종료', '5시 0분에 영업 종료', '펼쳐보기']]",0507-1487-0883
발리 슈퍼스토어,"맥주,호프",4.4,서울 마포구 와우산로19길 6 1층,"[['영업 중', '05:00에 영업 종료', '5시 0분에 영업 종료'], ['매일', '17:00 - 05:00']]",0507-1487-0883
서교주담 합정,요리주점,4.75,서울 마포구 어울마당로5길 46 1층 서교주담 합정,"[['영업 중', '24:00에 영업 종료', '0시 0분에 영업 종료'], ['화', '17:00 - 24:00'], ['수', '17:00 - 24:00'], ['목', '17:00 - 24:00'], ['금', '17:00 - 02:00'], ['토', '15:00 - 02:00'], ['일', '15:00 - 24:00'], ['월', '17:00 - 24:00']]",010-5656-9309
배터리88 2호점 홍대입구역점,요리주점,4.75,서울 마포구 어울마당로5길 46 1층 서교주담 합정,"[['영업 중', '24:00에 영업 종료', '0시 0분에 영업 종료', '펼쳐보기']]",010-5656-9309
붉은낙타,요리주점,정보 없음,서울 마포구 잔다리로 20-11 1층 붉은낙타,"[['영업 중', '00:00에 라스트오더', '0시 0분에 라스트오더'], ['화', '17:00 - 01:00', '00:00 라스트오더'], ['수', '17:00 - 01:00', '00:00 라스트오더'], ['목', '17:00 - 01:00', '00:00 라스트오더'], ['금', '17:00 - 03:00', '02:00 라스트오더'], ['토', '17:00 - 03:00', '02:00 라스트오더'], ['일', '17:00 - 01:00', '00:00 라스트오더'], ['월', '17:00 - 01:00', '00:00 라스트오더'], ['- 에어컨 공사로 인해 이틀 쉬어갑니다 ㅠㅠ']]",070-4833-5965
썬키친,요리주점,4.89,서울 마포구 양화로6길 50 2층,"[['영업 중', '23:00에 라스트오더', '23시 0분에 라스트오더', '펼쳐보기']]",0507-1338-4681
맥주왕명주,"맥주,호프",4.89,서울 마포구 양화로6길 50 2층,"[['영업 중', '23:00에 라스트오더', '23시 0분에 라스트오더'], ['화', '12:00 - 24:00', '23:00 라스트오더'], ['수', '12:00 - 24:00', '23:00 라스트오더'], ['목', '12:00 - 24:00', '23:00 라스트오더'], ['금', '12:00 - 24:00', '23:00 라스트오더'], ['토', '12:00 - 24:00', '23:00 라스트오더'], ['일', '12:00 - 24:00', '23:00 라스트오더'], ['월', '정기휴무 (매주 월요일)']]",0507-1338-4681
산울림1992,요리주점,4.45,서울 마포구 서강로9길 60 산울림1992,"[['영업 중', '23:00에 라스트오더', '23시 0분에 라스트오더'], ['화', '17:00 - 24:00', '23:00 라스트오더'], ['수', '17:00 - 24:00', '23:00 라스트오더'], ['목', '17:00 - 24:00', '23:00 라스트오더'], ['금', '17:00 - 01:00', '00:00 라스트오더'], ['토', '17:00 - 01:00', '00:00 라스트오더'], ['일', '15:00 - 23:00', '22:00 라스트오더'], ['월', '정기휴무 (매주 월요일)'], ['나혼자산다 450회, 22.06.17.', '2022년 6월 17일', ' 비빔파스타/조개탕/육전', '펼쳐보기'], [''], ['']]",0507-1417-0352
쿠시노주방,이자카야,4.45,서울 마포구 서강로9길 60 산울림1992,"[['영업 중', '23:00에 라스트오더', '23시 0분에 라스트오더', '펼쳐보기'], ['나혼자산다 450회, 22.06.17.', '2022년 6월 17일', ' 비빔파스타/조개탕/육전', '펼쳐보기'], [''], ['']]",0507-1417-0352
홍콩포차,요리주점,4.39,서울 마포구 동교로 218-1 지하1층 쿠시노주방,"[['영업 중', '23:30에 라스트오더', '23시 30분에 라스트오더'], ['화', '16:00 - 01:00', '23:30 라스트오더'], ['수', '16:00 - 01:00', '23:30 라스트오더'], ['목', '16:00 - 01:00', '23:30 라스트오더'], ['금', '16:00 - 02:00', '00:30 라스트오더'], ['토', '15:00 - 02:00', '00:30 라스트오더'], ['일', '16:00 - 01:00', '23:30 라스트오더'], ['월', '16:00 - 01:00', '23:30 라스트오더']]",010-7245-0503
훈민정음 서울합정점,요리주점,4.52,서울 마포구 독막로7길 21,"[['영업 중', '02:00에 영업 종료', '2시 0분에 영업 종료'], ['화', '17:00 - 02:00'], ['수', '17:00 - 02:00'], ['목', '17:00 - 02:00'], ['금', '17:00 - 04:00'], ['토', '17:00 - 04:00'], ['일', '17:00 - 02:00'], ['월', '17:00 - 02:00']]",02-336-1447
상수주택,요리주점,4.52,서울 마포구 독막로7길 21,"[['영업 중', '02:00에 영업 종료', '2시 0분에 영업 종료', '펼쳐보기']]",02-336-1447
무채색,요리주점,정보 없음,서울 마포구 동교로32길 19 3층,"[['곧 영업 시작', '18:00에 영업 시작', '18시 0분에 영업 시작'], ['화', '18:00 - 24:00', '23:00 라스트오더'], ['수', '18:00 - 24:00', '23:00 라스트오더'], ['목', '18:00 - 24:00', '23:00 라스트오더'], ['금', '18:00 - 02:00', '01:00 라스트오더'], ['토', '18:00 - 02:00', '01:00 라스트오더'], ['일', '18:00 - 24:00', '23:00 라스트오더'], ['월', '18:00 - 24:00', '23:00 라스트오더'], ['생방송투데이 3239회, 23.02.22.', '2023년 2월 22일', ' 수비드삼겹물수육']]",0507-1354-4046
호맥 합정점,"맥주,호프",4.44,서울 마포구 독막로5길 5 대웅빌딩 1층 호맥,"[['영업 중', '00:30에 라스트오더', '0시 30분에 라스트오더'], ['화', '16:30 - 01:30', '00:30 라스트오더'], ['수', '16:30 - 01:30', '00:30 라스트오더'], ['목', '16:30 - 01:30', '00:30 라스트오더'], ['금', '16:30 - 02:00', '01:00 라스트오더'], ['토', '14:00 - 02:00', '01:00 라스트오더'], ['일', '14:00 - 01:30', '00:30 라스트오더'], ['월', '16:30 - 01:30', '00:30 라스트오더']]",02-333-7466
락소울윙,요리주점,4.44,서울 마포구 독막로5길 5 대웅빌딩 1층 호맥,"[['영업 중', '00:30에 라스트오더', '0시 30분에 라스트오더', '펼쳐보기']]",02-333-7466
금호동매운닭발,요리주점,정보 없음,서울 마포구 와우산로29바길 11-3 지하1층 금호동매운닭발,"[['영업 중', '01:00에 라스트오더', '1시 0분에 라스트오더'], ['화', '16:00 - 02:00', '01:00 라스트오더'], ['수', '16:00 - 02:00', '01:00 라스트오더'], ['목', '16:00 - 02:00', '01:00 라스트오더'], ['금', '16:00 - 02:00', '01:00 라스트오더'], ['토', '16:00 - 02:00', '01:00 라스트오더'], ['일', '정기휴무 (매주 일요일)'], ['월', '16:00 - 02:00', '01:00 라스트오더']]",0507-1461-7630
지하102호 1호점,이자카야,4.72,서울 마포구 양화로6길 57-22 지층 102호,"[['영업 중', '01:00에 라스트오더', '1시 0분에 라스트오더'], ['화', '16:00 - 02:00', '01:00 라스트오더'], ['수', '16:00 - 02:00', '01:00 라스트오더'], ['목', '16:00 - 02:00', '01:00 라스트오더'], ['금', '15:00 - 03:00', '02:00 라스트오더'], ['토', '15:00 - 03:00', '02:00 라스트오더'], ['일', '15:00 - 03:00', '02:00 라스트오더'], ['월', '16:00 - 02:00', '01:00 라스트오더']]",0507-1308-8648
조선시대,요리주점,4.72,서울 마포구 양화로6길 57-22 지층 102호,"[['영업 중', '01:00에 라스트오더', '1시 0분에 라스트오더', '펼쳐보기']]",0507-1308-8648
몽주방,요리주점,정보 없음,서울 마포구 독막로7길 20 1층,"[['영업 중', '02:30에 영업 종료', '2시 30분에 영업 종료'], ['매일', '16:00 - 02:30'], ['줄서는식당 37회, 22.10.10.', '2022년 10월 10일', ' 압력밥솥닭볶음탕/소고기다타키/창난젓크림치즈/통삼겹김치찜']]",0507-1364-7875
연술집,요리주점,4.83,서울 마포구 연희로1길 36 2층 201호,"[['영업 중', '24:00에 영업 종료', '0시 0분에 영업 종료'], ['화', '15:00 - 24:00'], ['수', '15:00 - 24:00'], ['목', '15:00 - 24:00'], ['금', '15:00 - 01:00'], ['토', '15:00 - 01:00'], ['일', '15:00 - 24:00'], ['월', '15:00 - 24:00'], ['- 4/20 휴무입니다.']]",0507-1358-3675
썸잉 홍대점,요리주점,4.83,서울 마포구 연희로1길 36 2층 201호,"[['영업 중', '24:00에 영업 종료', '0시 0분에 영업 종료', '펼쳐보기'], ['']]",0507-1358-3675
형제상회,포장마차,4.65,서울 마포구 양화로6길 73 1층 4호 형제상회,"[['곧 영업 시작', '18:00에 영업 시작', '18시 0분에 영업 시작'], ['화', '18:00 - 02:00'], ['수', '18:00 - 02:00'], ['목', '18:00 - 02:00'], ['금', '18:00 - 02:00'], ['토', '18:00 - 02:00'], ['일', '18:00 - 24:00'], ['월', '정기휴무 (매주 월요일)']]",0507-1429-9299
깊은숲,"맥주,호프",4.65,서울 마포구 양화로6길 73 1층 4호 형제상회,"[['곧 영업 시작', '18:00에 영업 시작', '18시 0분에 영업 시작', '펼쳐보기']]",0507-1429-9299
홍대공감,이자카야,정보 없음,서울 마포구 와우산로17길 10 2F,"[['영업 중', '02:00에 영업 종료', '2시 0분에 영업 종료'], ['매일', '16:00 - 02:00'], ['- 정부 방역지침으로 인한 영업시간 조정']]",0507-1319-1675
동동포차DDPC,요리주점,4.7,서울 마포구 독막로3길 30 1층,"[['영업 중', '03:00에 영업 종료', '3시 0분에 영업 종료'], ['매일', '17:00 - 03:00']]",02-336-0358
개화기요정,요리주점,4.7,서울 마포구 독막로3길 30 1층,"[['영업 중', '03:00에 영업 종료', '3시 0분에 영업 종료', '펼쳐보기']]",02-336-0358
심야식당밤,이자카야,4.79,서울 마포구 와우산로29바길 16 반지층 심야식당밤,"[['영업 중', '02:00에 영업 종료', '2시 0분에 영업 종료'], ['매일', '17:00 - 02:00']]",0507-1383-3321
우규,이자카야,4.79,서울 마포구 와우산로29바길 16 반지층 심야식당밤,"[['영업 중', '02:00에 영업 종료', '2시 0분에 영업 종료', '펼쳐보기']]",0507-1383-3321
사카바 토리야,이자카야,정보 없음,서울 마포구 독막로3길 38 2층,"[['곧 영업 시작', '18:00에 영업 시작', '18시 0분에 영업 시작'], ['화', '18:00 - 02:00', '01:30 라스트오더'], ['수', '18:00 - 02:00', '01:30 라스트오더'], ['목', '18:00 - 02:00', '01:30 라스트오더'], ['금', '17:00 - 02:00', '01:30 라스트오더'], ['토', '17:00 - 02:00', '01:30 라스트오더'], ['일', '17:00 - 02:00', '01:30 라스트오더'], ['월', '정기휴무 (매주 월요일)'], ['- 명절/ 휴가 등 특이사항 휴무일은 인스타그램에 공지해요'], ['생방송투데이 3197회, 22.12.22.', '2022년 12월 22일', ' 일본식닭꼬치']]",0507-1353-4741
서플라이디팟,"맥주,호프",4.86,서울 마포구 잔다리로 4 2층,"[['영업 중', '04:00에 영업 종료', '4시 0분에 영업 종료'], ['매일', '17:00 - 04:00']]",010-9311-2431
슈퍼룸방구,포장마차,4.86,정보 없음,"[['24시간 영업', '연중무휴', '연중무휴'], ['매일', '00:00 - 24:00', '09:00 - 16:00 브레이크타임']]",010-4269-3461
낮달,요리주점,4.37,서울 마포구 독막로5길 8 1층 낮달,"[['영업 중', '02:00에 영업 종료', '2시 0분에 영업 종료'], ['화', '15:00 - 02:00'], ['수', '15:00 - 02:00'], ['목', '15:00 - 02:00'], ['금', '15:00 - 02:00'], ['토', '14:00 - 02:00'], ['일', '14:00 - 01:00'], ['월(7/17)', '제헌절14:00 - 01:00']]",0507-1312-0597
심야식당하스,이자카야,4.37,서울 마포구 독막로5길 8 1층 낮달,"[['영업 중', '02:00에 영업 종료', '2시 0분에 영업 종료', '펼쳐보기']]",0507-1312-0597
몽주막,요리주점,정보 없음,서울 마포구 독막로9길 12 1층 몽주막,"[['영업 중', '00:30에 라스트오더', '0시 30분에 라스트오더'], ['화', '16:00 - 01:00', '00:30 라스트오더'], ['수', '16:00 - 01:00', '00:30 라스트오더'], ['목', '16:00 - 01:00', '00:30 라스트오더'], ['금', '16:00 - 02:30', '02:00 라스트오더'], ['토', '15:00 - 02:30', '02:00 라스트오더'], ['일', '15:30 - 01:00', '00:30 라스트오더'], ['월', '16:00 - 01:00', '00:30 라스트오더']]",0507-1353-3844
벽돌포차 홍대점,포장마차,정보 없음,서울 마포구 와우산로17길 5,"[['영업 중', '04:00에 라스트오더', '4시 0분에 라스트오더'], ['화', '17:00 - 05:00', '04:00 라스트오더'], ['수', '17:00 - 05:00', '04:00 라스트오더'], ['목', '17:00 - 05:00', '04:00 라스트오더'], ['금', '18:00 - 06:00', '05:00 라스트오더'], ['토', '17:00 - 06:00', '05:00 라스트오더'], ['일', '17:00 - 05:00', '04:00 라스트오더'], ['월', '17:00 - 05:00', '04:00 라스트오더']]",0507-1404-8881
무채색 숲,요리주점,정보 없음,서울 마포구 동교로32길 10 지하1층 1호,"[['영업 중', '02:00에 라스트오더', '2시 0분에 라스트오더'], ['화', '18:00 - 03:00', '02:00 라스트오더'], ['수', '18:00 - 03:00', '02:00 라스트오더'], ['목', '18:00 - 03:00', '02:00 라스트오더'], ['금', '18:00 - 03:00', '02:00 라스트오더'], ['토', '18:00 - 05:00', '04:00 라스트오더'], ['일', '18:00 - 03:00', '02:00 라스트오더'], ['월', '18:00 - 03:00', '02:00 라스트오더']]",0507-1377-4046
슬슬,술집,정보 없음,서울 마포구 연희로1길 23,"[['영업 중', '23:00에 영업 종료', '23시 0분에 영업 종료'], ['화', '17:00 - 23:00'], ['수', '17:00 - 23:00'], ['목', '17:00 - 23:00'], ['금', '17:00 - 23:00'], ['토', '16:00 - 23:00'], ['일', '16:00 - 23:00'], ['월', '17:00 - 23:00'], ['- 휴무는 인스타공지 ☆ 148_2seulseul']]",010-3907-0093
가로수포차,요리주점,정보 없음,서울 마포구 잔다리로6길 34-13 가로수포차,"[['영업 중', '02:30에 영업 종료', '2시 30분에 영업 종료'], ['매일', '17:00 - 02:30']]",010-7357-2551
주섬주섬,요리주점,4.74,서울 마포구 와우산로21길 36-12,"[['영업 중', '23:00에 영업 종료', '23시 0분에 영업 종료'], ['화', '16:00 - 23:00'], ['수', '16:00 - 23:00'], ['목', '16:00 - 23:00'], ['금', '16:00 - 24:00'], ['토', '16:00 - 24:00'], ['일', '16:00 - 23:00'], ['월', '정기휴무 (매주 월요일)'], ['- 월요일 휴무입니다']]",0507-1325-5230
사람사는이야기442,요리주점,4.74,서울 마포구 와우산로21길 36-12,"[['영업 중', '04:00에 라스트오더', '4시 0분에 라스트오더', '펼쳐보기']]",0507-1337-0442
역전포장마차 홍대점,술집,4.45,서울 마포구 어울마당로5길 52 사사이,"[['영업 중', '04:00에 라스트오더', '4시 0분에 라스트오더'], ['화', '16:30 - 05:00', '04:00 라스트오더'], ['수', '16:30 - 05:00', '04:00 라스트오더'], ['목', '16:30 - 05:00', '04:00 라스트오더'], ['금', '16:30 - 05:00', '04:00 라스트오더'], ['토', '15:30 - 05:00', '04:00 라스트오더'], ['일', '15:30 - 05:00', '04:00 라스트오더'], ['월', '16:30 - 05:00', '04:00 라스트오더']]",0507-1337-0442
합정유리,요리주점,정보 없음,서울 마포구 양화로6길 99-11 2층,"[['오늘 휴무', '매주 화요일 휴무', '매주 화요일 휴무'], ['화', '정기휴무 (매주 화요일)'], ['수', '17:00 - 01:00', '00:00 라스트오더'], ['목', '17:00 - 01:00', '00:00 라스트오더'], ['금', '17:00 - 01:00', '00:00 라스트오더'], ['토', '14:00 - 01:00', '00:00 라스트오더'], ['일', '14:00 - 01:00', '00:00 라스트오더'], ['월', '17:00 - 01:00', '00:00 라스트오더'], ['- 매주화 / 매월 첫째주 월요일 휴무']]",0507-1352-2195
밤말,술집,정보 없음,서울 마포구 동교로 220-5 1.5층,"[['영업 중', '01:00에 라스트오더', '1시 0분에 라스트오더'], ['화', '17:00 - 02:00', '01:00 라스트오더'], ['수', '17:00 - 02:00', '01:00 라스트오더'], ['목', '17:00 - 02:00', '01:00 라스트오더'], ['금', '17:00 - 02:00', '01:00 라스트오더'], ['토', '17:00 - 02:00', '01:00 라스트오더'], ['일', '14:00 - 24:00', '23:00 라스트오더'], ['월', '정기휴무 (매주 월요일)']]",0507-1313-5446
하나킨,이자카야,정보 없음,서울 마포구 동교로32길 8 1층,"[['영업 중', '01:00에 영업 종료', '1시 0분에 영업 종료'], ['화', '17:00 - 01:00'], ['수', '17:00 - 01:00'], ['목', '17:00 - 01:00'], ['금', '17:00 - 02:00'], ['토', '16:00 - 02:00'], ['일', '16:00 - 01:00'], ['월(7/17)', '제헌절17:00 - 01:00']]",0507-1322-4213
지하102호 2호점,이자카야,4.96,서울 마포구 독막로3길 39 1층,"[['영업 중', '02:00에 영업 종료', '2시 0분에 영업 종료', '펼쳐보기']]",0507-1388-8648
모양,요리주점,4.96,서울 마포구 독막로3길 39 1층,"[['영업 중', '02:00에 영업 종료', '2시 0분에 영업 종료'], ['화', '15:00 - 02:00'], ['수', '15:00 - 02:00'], ['목', '15:00 - 02:00'], ['금', '15:00 - 04:00'], ['토', '15:00 - 04:00'], ['일', '15:00 - 02:00'], ['월', '15:00 - 02:00']]",0507-1388-8648
하루,이자카야,정보 없음,서울 마포구 와우산로32길 31-8 1층,"[['영업 중', '00:00에 라스트오더', '0시 0분에 라스트오더'], ['화', '17:00 - 01:00', '00:00 라스트오더'], ['수', '17:00 - 01:00', '00:00 라스트오더'], ['목', '17:00 - 01:00', '00:00 라스트오더'], ['금', '17:00 - 02:00', '01:00 라스트오더'], ['토', '17:00 - 02:00', '01:00 라스트오더'], ['일', '17:00 - 01:00', '00:00 라스트오더'], ['월', '17:00 - 01:00', '00:00 라스트오더']]",0507-1344-6512
만선호프 홍대점,"맥주,호프",정보 없음,서울 마포구 와우산로17길 15 1층,"[['영업 중', '04:00에 라스트오더', '4시 0분에 라스트오더'], ['화', '17:00 - 05:00', '04:00 라스트오더'], ['수', '17:00 - 05:00', '04:00 라스트오더'], ['목', '17:00 - 05:00', '04:00 라스트오더'], ['금', '17:00 - 07:00', '06:00 라스트오더'], ['토', '17:00 - 07:00', '06:00 라스트오더'], ['일', '17:00 - 05:00', '04:00 라스트오더'], ['월', '17:00 - 05:00', '04:00 라스트오더']]",0507-1360-1803
별그리는바다,이자카야,정보 없음,서울 마포구 어울마당로5길 17 1층,"[['영업 중', '03:00에 영업 종료', '3시 0분에 영업 종료'], ['화', '17:00 - 03:00'], ['수', '17:00 - 03:00'], ['목', '17:00 - 03:00'], ['금', '17:00 - 05:00'], ['토', '17:00 - 05:00'], ['일', '17:00 - 03:00'], ['월', '17:00 - 03:00']]",0507-1361-4011
세부인보드카,요리주점,4.22,서울 마포구 양화로6길 65 2층,"[['영업 중', '03:00에 영업 종료', '3시 0분에 영업 종료'], ['화', '17:00 - 03:00'], ['수', '17:00 - 03:00'], ['목', '17:00 - 03:00'], ['금', '17:00 - 03:00'], ['토', '15:00 - 03:00'], ['일', '15:00 - 03:00'], ['월(7/17)', '제헌절17:00 - 03:00']]",02-322-3634
카시,이자카야,4.22,서울 마포구 양화로6길 65 2층,"[['영업 중', '03:00에 영업 종료', '3시 0분에 영업 종료', '펼쳐보기']]",02-322-3634
불나방,술집,4.71,서울 마포구 와우산로29길 4-26,"[['영업 중', '01:00에 영업 종료', '1시 0분에 영업 종료', '펼쳐보기']]",0507-1476-2149
철판집,요리주점,4.71,서울 마포구 와우산로29길 4-26,"[['영업 중', '01:00에 영업 종료', '1시 0분에 영업 종료'], ['화', '18:00 - 01:00'], ['수', '18:00 - 01:00'], ['목', '18:00 - 01:00'], ['금', '18:00 - 02:00'], ['토', '18:00 - 02:00'], ['일', '18:00 - 01:00'], ['월', '정기휴무 (매주 월요일)']]",0507-1476-2149
이목,요리주점,4.9,서울 마포구 독막로3길 17 2층,"[['영업 중', '23:00에 라스트오더', '23시 0분에 라스트오더'], ['화', '11:30 - 24:00', '14:30 - 17:00 브레이크타임', '23:00 라스트오더'], ['수', '11:30 - 24:00', '14:30 - 17:00 브레이크타임', '23:00 라스트오더'], ['목', '11:30 - 24:00', '14:30 - 17:00 브레이크타임', '23:00 라스트오더'], ['금', '11:30 - 01:00', '00:00 라스트오더'], ['토', '16:00 - 01:00', '00:00 라스트오더'], ['일(7/16)', '정기휴무 (매달 1, 3, 5번째 일요일)'], ['월', '11:30 - 24:00', '14:30 - 17:00 브레이크타임', '23:00 라스트오더'], ['매달 1, 3, 5번째 일요일 정기 휴무']]",02-6404-0101
술생술사,요리주점,4.9,서울 마포구 독막로3길 17 2층,"[['영업 중', '23:00에 라스트오더', '23시 0분에 라스트오더', '펼쳐보기'], ['']]",02-6404-0101
88양자카야,이자카야,4.25,서울 마포구 독막로3길 28 지층 88양자카야,"[['영업 중', '02:00에 영업 종료', '2시 0분에 영업 종료'], ['화', '18:00 - 02:00'], ['수', '18:00 - 02:00'], ['목', '18:00 - 02:00'], ['금', '18:00 - 02:00'], ['토', '18:00 - 02:00'], ['일', '18:00 - 02:00'], ['월', '18:00 - 02:00']]",0507-1336-2374
아톰술집,이자카야,4.25,서울 마포구 독막로3길 28 지층 88양자카야,"[['영업 중', '02:00에 영업 종료', '2시 0분에 영업 종료', '펼쳐보기']]",0507-1336-2374
0.5,요리주점,정보 없음,서울 마포구 독막로9길 33 반지하 0.5,"[['영업 중', '02:00에 영업 종료', '2시 0분에 영업 종료'], ['화', '17:00 - 02:00'], ['수', '17:00 - 02:00'], ['목', '17:00 - 02:00'], ['금', '17:00 - 02:00'], ['토', '17:00 - 02:00'], ['일', '17:00 - 02:00'], ['월', '정기휴무 (매주 월요일)']]",0507-1409-0716
두꺼비숙성횟집 홍대본점,이자카야,4.48,서울 마포구 어울마당로 146-1,"[['영업 중', '01:30에 라스트오더', '1시 30분에 라스트오더'], ['화', '17:30 - 02:30', '01:30 라스트오더'], ['수', '17:30 - 02:30', '01:30 라스트오더'], ['목', '17:30 - 02:30', '01:30 라스트오더'], ['금', '17:30 - 03:30', '02:30 라스트오더'], ['토', '17:30 - 03:30', '02:30 라스트오더'], ['일', '17:30 - 02:30', '01:30 라스트오더'], ['월', '17:30 - 02:30', '01:30 라스트오더'], ['- 금,토,공휴일 전일17:30~03:30까지 운영합니다']]",02-336-5215
펍차 아지트,요리주점,4.48,서울 마포구 어울마당로 146-1,"[['영업 중', '01:30에 라스트오더', '1시 30분에 라스트오더', '펼쳐보기'], ['']]",02-336-5215
노리터,요리주점,4.66,서울 마포구 독막로7길 23 4층,"[['오늘 휴무', '매주 화요일 휴무', '매주 화요일 휴무'], ['화', '정기휴무 (매주 화요일)'], ['수', '17:00 - 24:00'], ['목', '17:00 - 24:00'], ['금', '17:00 - 02:00'], ['토', '17:00 - 02:00'], ['일', '17:00 - 24:00'], ['월', '정기휴무 (매주 월요일)'], ['- 월, 화요일 휴무일이 공휴일인 경우 정상영업 합니다!']]",정보 없음
이자카야무세이,이자카야,4.66,서울 마포구 독막로7길 23 4층,"[['오늘 휴무', '매주 화요일 휴무', '매주 화요일 휴무', '펼쳐보기'], ['']]",02-333-8174
화담,요리주점,4.37,서울 마포구 어울마당로 127-1,"[['영업 중', '03:00에 영업 종료', '3시 0분에 영업 종료'], ['화', '17:00 - 03:00'], ['수', '17:00 - 03:00'], ['목', '17:00 - 03:00'], ['금', '17:00 - 04:00'], ['토', '16:00 - 04:00'], ['일', '17:00 - 04:00'], ['월', '17:00 - 03:00'], ['- 연중무휴365일 쉬지않고 영업합니다']]",02-333-8174
계담다,요리주점,4.43,"서울 마포구 동교로38길 33-20 지1층, 1층","[['영업 중', '00:00에 라스트오더', '0시 0분에 라스트오더'], ['화', '12:00 - 01:00', '00:00 라스트오더'], ['수', '12:00 - 01:00', '00:00 라스트오더'], ['목', '12:00 - 01:00', '00:00 라스트오더'], ['금', '12:00 - 02:00', '01:00 라스트오더'], ['토', '12:00 - 02:00', '01:00 라스트오더'], ['일', '12:00 - 01:00', '00:00 라스트오더'], ['월', '12:00 - 01:00', '00:00 라스트오더'], ['맛있는녀석들 418회, 23.02.24.', '2023년 2월 24일', ' 김치/백김치', '펼쳐보기'], [''], [''], [''], [''], ['']]",0507-1321-1881
홍옥 상수점,"맥주,호프",4.43,"서울 마포구 동교로38길 33-20 지1층, 1층","[['영업 중', '00:00에 라스트오더', '0시 0분에 라스트오더', '펼쳐보기'], ['맛있는녀석들 418회, 23.02.24.', '2023년 2월 24일', ' 김치/백김치', '펼쳐보기'], [''], [''], [''], [''], ['']]",0507-1321-1881
꿀벌,이자카야,4.81,서울 마포구 어울마당로 43 2층,"[['영업 중', '02:00에 영업 종료', '2시 0분에 영업 종료'], ['화', '17:00 - 02:00'], ['수', '17:00 - 02:00'], ['목', '17:00 - 02:00'], ['금', '17:00 - 05:00'], ['토', '12:00 - 05:00'], ['일', '12:00 - 22:30'], ['월', '17:00 - 02:00']]",0507-1386-8849
아니키,요리주점,4.81,서울 마포구 어울마당로 43 2층,"[['영업 중', '02:00에 영업 종료', '2시 0분에 영업 종료', '펼쳐보기']]",0507-1386-8849
예쁜술집예술,요리주점,4.66,서울 마포구 와우산로29바길 11 지층 1층 예쁜술집예술,"[['영업 중', '02:00에 영업 종료', '2시 0분에 영업 종료'], ['화', '17:00 - 02:00'], ['수', '17:00 - 02:00'], ['목', '17:00 - 02:00'], ['금', '17:00 - 02:00'], ['토', '17:00 - 02:00'], ['일', '17:00 - 01:00'], ['월', '17:00 - 02:00']]",0507-1377-7940
무니,이자카야,4.66,서울 마포구 와우산로29바길 11 지층 1층 예쁜술집예술,"[['영업 중', '02:00에 영업 종료', '2시 0분에 영업 종료', '펼쳐보기']]",0507-1377-7940
바코포차,요리주점,4.4,서울 마포구 독막로3길 35 1층,"[['영업 중', '03:00에 영업 종료', '3시 0분에 영업 종료'], ['매일', '18:00 - 03:00']]",0507-1368-1337
7번방 룸포차,포장마차,4.4,서울 마포구 독막로3길 35 1층,"[['영업 중', '03:00에 영업 종료', '3시 0분에 영업 종료', '펼쳐보기']]",0507-1368-1337
엄마바,요리주점,정보 없음,서울 마포구 홍익로 3-3 2층 엄마바,"[['영업 중', '02:00에 영업 종료', '2시 0분에 영업 종료'], ['화', '17:00 - 02:00'], ['수', '17:00 - 02:00'], ['목', '17:00 - 02:00'], ['금', '17:00 - 02:00'], ['토', '17:00 - 02:00'], ['일', '17:00 - 02:00'], ['월', '정기휴무 (매주 월요일)']]",0507-1472-0126
슈가레이,"맥주,호프",정보 없음,"서울 마포구 와우산로 75 1층 , 지하1층","[['오늘 휴무', '매주 화요일 휴무', '매주 화요일 휴무'], ['화', '정기휴무 (매주 화요일)'], ['수', '정기휴무 (매주 수요일)'], ['목', '정기휴무 (매주 목요일)'], ['금', '19:00 - 06:00'], ['토', '19:00 - 06:00'], ['일', '정기휴무 (매주 일요일)'], ['월', '정기휴무 (매주 월요일)']]",010-8279-1763
정이포장마차,포장마차,정보 없음,서울 마포구 홍익로5안길 24 1층 102호 정이,"[['영업 중', '03:00에 영업 종료', '3시 0분에 영업 종료'], ['화', '17:00 - 03:00'], ['수', '17:00 - 03:00'], ['목', '17:00 - 03:00'], ['금', '17:00 - 03:00'], ['토', '17:00 - 03:00'], ['일', '17:00 - 03:00'], ['월', '정기휴무 (매주 월요일)'], ['- 둘째 넷째주 월요일 휴무입니다.']]",0507-1476-1286
너가술집사장 / 너가술사,술집,정보 없음,서울 마포구 와우산로19길 19 . 2층,"[['영업 중', '03:00에 영업 종료', '3시 0분에 영업 종료'], ['화', '18:00 - 03:00'], ['수', '18:00 - 05:00'], ['목', '18:00 - 05:00'], ['금', '17:00 - 06:00'], ['토', '17:00 - 06:00'], ['일', '18:00 - 05:00'], ['월(7/17)', '제헌절17:00 - 06:00']]",0507-1318-9046
이자카야 연정,이자카야,4.82,서울 마포구 양화로23길 24 2층 일부,"[['영업 중', '02:00에 영업 종료', '2시 0분에 영업 종료'], ['화', '16:00 - 02:00'], ['수', '16:00 - 02:00'], ['목', '16:00 - 02:00'], ['금', '16:00 - 03:00'], ['토', '16:00 - 03:00'], ['일', '16:00 - 03:00'], ['월', '16:00 - 02:00']]",0507-1370-9339
전주상회,요리주점,4.82,서울 마포구 양화로23길 24 2층 일부,"[['영업 중', '02:00에 영업 종료', '2시 0분에 영업 종료', '펼쳐보기']]",0507-1370-9339
합정공감,이자카야,정보 없음,서울 마포구 양화로6길 49 2F,"[['영업 중', '02:00에 영업 종료', '2시 0분에 영업 종료'], ['화', '16:00 - 02:00'], ['수', '16:00 - 02:00'], ['목', '16:00 - 02:00'], ['금', '16:00 - 02:00'], ['토', '16:00 - 02:00'], ['일', '16:00 - 02:00'], ['월', '16:00 - 02:00']]",0507-1423-4733
초월집,요리주점,정보 없음,서울 마포구 독막로7길 45 2층 초월집,"[['영업 중', '24:00에 영업 종료', '0시 0분에 영업 종료'], ['화', '17:00 - 24:00'], ['수', '17:00 - 24:00'], ['목', '17:00 - 24:00'], ['금', '17:00 - 02:00'], ['토', '16:00 - 02:00'], ['일', '정기휴무 (매주 일요일)'], ['월', '17:00 - 24:00']]",02-336-3328
천하의문타로,이자카야,4.49,서울 마포구 월드컵북로4길 19 1층,"[['영업 중', '00:00에 라스트오더', '0시 0분에 라스트오더'], ['화', '18:00 - 01:00', '00:00 라스트오더'], ['수', '18:00 - 01:00', '00:00 라스트오더'], ['목', '18:00 - 01:00', '00:00 라스트오더'], ['금', '18:00 - 01:00', '00:00 라스트오더'], ['토', '18:00 - 01:00', '00:00 라스트오더'], ['일', '18:00 - 01:00', '00:00 라스트오더'], ['월(7/17)', '휴무'], ['07/17-07/18 휴무']]",02-336-3009
오제키,이자카야,4.49,서울 마포구 월드컵북로4길 19 1층,"[['영업 중', '00:00에 라스트오더', '0시 0분에 라스트오더', '펼쳐보기'], [''], ['휴무일', '07/17-07/18']]",02-336-3009
원나잇,요리주점,4.44,서울 마포구 홍익로3길 44 러쉬 홍대점 건물(호곡빌딩) 5층,"[['영업 중', '02:00에 영업 종료', '2시 0분에 영업 종료'], ['화', '17:30 - 02:00'], ['수', '17:30 - 02:00'], ['목', '17:30 - 02:00'], ['금', '17:30 - 03:00'], ['토', '17:30 - 03:00'], ['일', '17:30 - 02:00'], ['월', '17:30 - 02:00']]",0507-1426-0912
지하102호 3호점,이자카야,4.44,서울 마포구 홍익로3길 44 러쉬 홍대점 건물(호곡빌딩) 5층,"[['영업 중', '02:00에 영업 종료', '2시 0분에 영업 종료', '펼쳐보기']]",0507-1426-0912
건어물녀,"맥주,호프",4.23,서울 마포구 양화로21길 33,"[['영업 중', '04:00에 영업 종료', '4시 0분에 영업 종료'], ['화', '14:00 - 04:00'], ['수', '14:00 - 04:00'], ['목', '14:00 - 04:00'], ['금', '14:00 - 05:00'], ['토', '14:00 - 05:00'], ['일', '14:00 - 04:00'], ['월', '14:00 - 04:00']]",0507-1406-3671
그늘,요리주점,4.23,서울 마포구 양화로21길 33,"[['영업 중', '04:00에 영업 종료', '4시 0분에 영업 종료', '펼쳐보기']]",0507-1406-3671
수염,"맥주,호프",4.58,서울 마포구 와우산로29마길 21 1층,"[['영업 중', '02:00에 영업 종료', '2시 0분에 영업 종료'], ['화', '18:00 - 02:00'], ['수', '18:00 - 02:00'], ['목', '18:00 - 02:00'], ['금', '18:00 - 03:00'], ['토', '17:00 - 03:00'], ['일', '17:00 - 02:00'], ['월', '18:00 - 02:00']]",02-333-0979
떡볶이상회,요리주점,4.58,서울 마포구 와우산로29마길 21 1층,"[['영업 중', '02:00에 영업 종료', '2시 0분에 영업 종료', '펼쳐보기']]",02-333-0979
88노가리 연남하우스,"맥주,호프",정보 없음,"서울 마포구 동교로36길 18 지하 1층, 1층, 2층","[['영업 중', '01:00에 라스트오더', '1시 0분에 라스트오더'], ['화', '18:00 - 02:00', '01:00 라스트오더'], ['수', '18:00 - 02:00', '01:00 라스트오더'], ['목', '18:00 - 02:00', '01:00 라스트오더'], ['금', '17:00 - 03:00', '02:00 라스트오더'], ['토', '17:00 - 03:00', '02:00 라스트오더'], ['일', '17:00 - 03:00', '02:00 라스트오더'], ['월(7/17)', '제헌절17:00 - 03:00'], ['- 공휴일 전날은 새벽 3시까지 영업 합니다.']]",0507-1371-5912
시실리,요리주점,정보 없음,서울 마포구 성미산로 198,"[['영업 중', '03:00에 영업 종료', '3시 0분에 영업 종료'], ['화', '17:00 - 03:00'], ['수', '17:00 - 03:00'], ['목', '17:00 - 03:00'], ['금', '17:00 - 04:00'], ['토', '17:00 - 04:00'], ['일', '17:00 - 03:00'], ['월', '17:00 - 03:00']]",0507-1309-8117
세븐펍,"맥주,호프",정보 없음,서울 마포구 동교로 209-4 지하 1층,"[['영업 중', '01:30에 라스트오더', '1시 30분에 라스트오더'], ['화', '18:00 - 02:00', '01:30 라스트오더'], ['수', '18:00 - 02:00', '01:30 라스트오더'], ['목', '18:00 - 02:00', '01:30 라스트오더'], ['금', '18:00 - 04:00', '03:30 라스트오더'], ['토', '18:00 - 04:00', '03:30 라스트오더'], ['일', '18:00 - 02:00', '01:30 라스트오더'], ['월', '정기휴무 (매주 월요일)']]",0507-1385-6177
추자로557,이자카야,4.21,서울 마포구 양화로8길 14,"[['영업 중', '24:00에 영업 종료', '0시 0분에 영업 종료'], ['화', '17:30 - 24:00'], ['수', '17:30 - 24:00'], ['목', '17:30 - 24:00'], ['금', '17:30 - 24:00'], ['토', '17:30 - 24:00'], ['일', '정기휴무 (매주 일요일)'], ['월', '17:30 - 24:00']]",0507-1355-5575
돌포차 Dorrr,요리주점,4.21,서울 마포구 양화로8길 14,"[['영업 중', '24:00에 영업 종료', '0시 0분에 영업 종료', '펼쳐보기']]",0507-1355-5575
올드타운 홍대점,이자카야,4.92,서울 마포구 독막로3길 35 2층 올드타운,"[['영업 중', '22:30에 라스트오더', '22시 30분에 라스트오더'], ['화', '17:00 - 24:00', '22:30 라스트오더'], ['수', '17:00 - 24:00', '22:30 라스트오더'], ['목', '17:00 - 24:00', '22:30 라스트오더'], ['금', '17:00 - 24:00', '22:30 라스트오더'], ['토', '16:00 - 24:00', '22:30 라스트오더'], ['일', '16:00 - 24:00', '22:30 라스트오더'], ['월', '17:00 - 24:00', '22:30 라스트오더']]",0507-1434-7750
작가 홍대본점,요리주점,4.92,서울 마포구 독막로3길 35 2층 올드타운,"[['영업 중', '22:30에 라스트오더', '22시 30분에 라스트오더', '펼쳐보기']]",0507-1434-7750
지하102호 5호점,이자카야,정보 없음,"서울 마포구 독막로3길 13 1층, 2층, 3층","[['영업 중', '05:30에 라스트오더', '5시 30분에 라스트오더'], ['매일', '14:00 - 06:00', '05:30 라스트오더']]",0507-1357-1025
더파이브올스,술집,4.51,서울 마포구 와우산로29길 26-5 반지하,"[['영업 중', '23:30에 라스트오더', '23시 30분에 라스트오더'], ['화', '18:00 - 01:00', '23:30 라스트오더'], ['수', '18:00 - 01:00', '23:30 라스트오더'], ['목', '18:00 - 01:00', '23:30 라스트오더'], ['금', '17:00 - 02:00', '00:30 라스트오더'], ['토', '17:00 - 02:00', '00:30 라스트오더'], ['일', '17:00 - 01:00', '23:30 라스트오더'], ['월(7/17)', '제헌절17:00 - 01:00']]",02-322-3966
아크틱,요리주점,4.51,서울 마포구 와우산로29길 26-5 반지하,"[['영업 중', '23:30에 라스트오더', '23시 30분에 라스트오더', '펼쳐보기']]",02-322-3966
앵춘,요리주점,4.5,서울 마포구 독막로 81,"[['영업 중', '05:00에 영업 종료', '5시 0분에 영업 종료'], ['화', '17:00 - 05:00'], ['수', '17:00 - 05:00'], ['목', '17:00 - 05:00'], ['금', '17:00 - 05:00'], ['토', '17:00 - 05:00'], ['일', '17:00 - 05:00'], ['월', '17:00 - 05:00']]",0507-1311-3281
극락,이자카야,4.5,서울 마포구 독막로 81,"[['영업 중', '05:00에 영업 종료', '5시 0분에 영업 종료', '펼쳐보기']]",0507-1311-3281
파리아저씨,요리주점,4.55,서울 마포구 홍익로5안길 42 세븐일레븐 옆,"[['영업 중', '02:00에 영업 종료', '2시 0분에 영업 종료'], ['화', '16:30 - 02:00'], ['수', '16:30 - 02:00'], ['목', '16:30 - 02:00'], ['금', '16:30 - 02:00'], ['토', '16:30 - 02:00'], ['일', '16:30 - 02:00'], ['월(7/17)', '제헌절17:00 - 02:00']]",0507-1373-3311
준지의아름다운하루 연남점,이자카야,4.55,서울 마포구 홍익로5안길 42 세븐일레븐 옆,"[['영업 중', '03:00에 영업 종료', '3시 0분에 영업 종료', '펼쳐보기']]",0507-1403-0710
지하102호 4호점,이자카야,정보 없음,서울 마포구 독막로3길 29 지하1층,"[['영업 중', '01:00에 라스트오더', '1시 0분에 라스트오더'], ['화', '15:00 - 02:00', '01:00 라스트오더'], ['수', '15:00 - 02:00', '01:00 라스트오더'], ['목', '15:00 - 02:00', '01:00 라스트오더'], ['금', '15:00 - 04:00', '03:00 라스트오더'], ['토', '15:00 - 04:00', '03:00 라스트오더'], ['일', '15:00 - 02:00', '01:00 라스트오더'], ['월', '15:00 - 02:00', '01:00 라스트오더']]",0507-1300-8648
호요 홍대점,이자카야,정보 없음,서울 마포구 와우산로21길 20-11 1층,"[['영업 중', '23:50에 라스트오더', '23시 50분에 라스트오더'], ['화', '16:30 - 01:00', '23:50 라스트오더'], ['수', '16:30 - 01:00', '23:50 라스트오더'], ['목', '16:30 - 01:00', '23:50 라스트오더'], ['금', '16:30 - 01:00', '23:50 라스트오더'], ['토', '13:00 - 01:00', '23:50 라스트오더'], ['일', '13:00 - 23:50', '22:40 라스트오더'], ['월', '정기휴무 (매주 월요일)']]",0507-1471-0827
술82,요리주점,정보 없음,서울 마포구 독막로3길 33-3 술82,"[['영업 중', '04:00에 라스트오더', '4시 0분에 라스트오더'], ['화', '16:00 - 05:00', '04:00 라스트오더'], ['수', '16:00 - 05:00', '04:00 라스트오더'], ['목', '16:00 - 05:00', '04:00 라스트오더'], ['금', '15:00 - 05:00', '04:00 라스트오더'], ['토', '15:00 - 05:00', '04:00 라스트오더'], ['일', '16:00 - 05:00', '04:00 라스트오더'], ['월', '16:00 - 05:00', '04:00 라스트오더']]",0507-1303-9765
뚜이연남,요리주점,정보 없음,서울 마포구 동교로34길 11,"[['영업 중', '23:00에 라스트오더', '23시 0분에 라스트오더'], ['화', '17:00 - 24:00', '23:00 라스트오더'], ['수', '17:00 - 24:00', '23:00 라스트오더'], ['목', '17:00 - 24:00', '23:00 라스트오더'], ['금', '17:00 - 01:00', '00:00 라스트오더'], ['토', '17:00 - 01:00', '00:00 라스트오더'], ['일', '17:00 - 24:00', '23:00 라스트오더'], ['월', '정기휴무 (매주 월요일)']]",0507-1376-0679
BLACK&JACK,"맥주,호프",4.71,서울 마포구 와우산로29라길 11 1.5층,"[['영업 중', '02:00에 영업 종료', '2시 0분에 영업 종료'], ['화', '16:00 - 02:00'], ['수', '16:00 - 02:00'], ['목', '16:00 - 02:00'], ['금', '16:00 - 03:00'], ['토', '13:00 - 04:00'], ['일', '16:00 - 02:00'], ['월', '16:00 - 02:00']]",0507-1388-5010
포킹94,"맥주,호프",4.71,서울 마포구 와우산로29라길 11 1.5층,"[['영업 중', '02:00에 영업 종료', '2시 0분에 영업 종료', '펼쳐보기']]",0507-1388-5010
오이시 나베,요리주점,4.62,서울 마포구 어울마당로 136-5 2층,"[['영업 중', '23:50에 영업 종료', '23시 50분에 영업 종료'], ['화', '17:00 - 23:50'], ['수', '17:00 - 23:50'], ['목', '17:00 - 23:50'], ['금', '17:00 - 23:50'], ['토', '17:00 - 23:50'], ['일', '17:00 - 23:50'], ['월', '정기휴무 (매주 월요일)']]",0507-1316-1365
타로야,이자카야,4.62,서울 마포구 어울마당로 136-5 2층,"[['영업 중', '23:50에 영업 종료', '23시 50분에 영업 종료', '펼쳐보기']]",0507-1316-1365
혼술아틀란티스,"맥주,호프",4.78,서울 마포구 와우산로29길 4-36 지층 우측 혼술아틀란티스,"[['영업 중', '24:00에 영업 종료', '0시 0분에 영업 종료'], ['화', '18:00 - 24:00'], ['수', '17:30 - 00:30'], ['목', '17:30 - 00:30'], ['금', '17:30 - 00:30'], ['토', '17:30 - 01:00'], ['일', '17:30 - 24:00'], ['월', '17:30 - 00:30']]",0507-1307-5241
동백상회,요리주점,4.78,서울 마포구 와우산로29길 4-36 지층 우측 혼술아틀란티스,"[['영업 중', '24:00에 영업 종료', '0시 0분에 영업 종료', '펼쳐보기']]",0507-1307-5241
호돌이 호프,"맥주,호프",정보 없음,"서울 마포구 월드컵북로2길 80 브로스빌딩 1, 2, 3, 4, 5층","[['영업 중', '02:30에 라스트오더', '2시 30분에 라스트오더'], ['화', '17:00 - 03:00', '02:30 라스트오더'], ['수', '17:00 - 03:00', '02:30 라스트오더'], ['목', '17:00 - 03:00', '02:30 라스트오더'], ['금', '17:00 - 03:00', '02:30 라스트오더'], ['토', '17:00 - 03:00', '02:30 라스트오더'], ['일', '정기휴무 (매주 일요일)'], ['월(7/17)', '제헌절17:00 - 03:00']]",0507-1389-2487
술취한여행자,요리주점,정보 없음,서울 마포구 어울마당로 136-6 1층,"[['영업 중', '03:00에 라스트오더', '3시 0분에 라스트오더'], ['화', '17:00 - 04:00', '03:00 라스트오더'], ['수', '17:00 - 04:00', '03:00 라스트오더'], ['목', '17:00 - 04:00', '03:00 라스트오더'], ['금', '17:00 - 04:00', '03:00 라스트오더'], ['토', '17:00 - 04:00', '03:00 라스트오더'], ['일', '정기휴무 (매주 일요일)'], ['월', '17:00 - 04:00', '03:00 라스트오더'], ['- 매주 월요일 휴무']]",0507-1340-2480
홍대 노가리 포차 홍노포,요리주점,4.79,서울 마포구 어울마당로 136-18 103호,"[['영업 중', '03:00에 영업 종료', '3시 0분에 영업 종료'], ['화', '17:00 - 03:00'], ['수', '17:00 - 03:00'], ['목', '17:00 - 03:00'], ['금', '17:00 - 03:00'], ['토', '17:00 - 03:00'], ['일', '17:00 - 03:00'], ['월(7/17)', '제헌절17:00 - 04:00']]",0507-1336-0481
빼레,요리주점,4.79,서울 마포구 어울마당로 136-18 103호,"[['영업 중', '03:00에 영업 종료', '3시 0분에 영업 종료', '펼쳐보기']]",0507-1336-0481
요리하는도깨비오니,이자카야,정보 없음,"서울 마포구 어울마당로 75 2층, 3층","[['영업 중', '04:00에 라스트오더', '4시 0분에 라스트오더'], ['화', '16:00 - 05:00', '04:00 라스트오더'], ['수', '16:00 - 05:00', '04:00 라스트오더'], ['목', '16:00 - 05:00', '04:00 라스트오더'], ['금', '16:00 - 06:50', '05:50 라스트오더'], ['토', '16:00 - 06:50', '05:50 라스트오더'], ['일', '16:00 - 05:00', '04:00 라스트오더'], ['월', '16:00 - 05:00', '04:00 라스트오더']]",070-4384-1114
오맥,"맥주,호프",정보 없음,서울 마포구 와우산로21길 34 2층,"[['영업 중', '01:30에 라스트오더', '1시 30분에 라스트오더'], ['화', '17:00 - 02:00', '01:30 라스트오더'], ['수', '17:00 - 02:00', '01:30 라스트오더'], ['목', '17:00 - 02:00', '01:30 라스트오더'], ['금', '17:00 - 02:00', '01:30 라스트오더'], ['토', '17:00 - 02:00', '01:30 라스트오더'], ['일(7/16)', '17:00 - 02:00'], ['월', '17:00 - 02:00', '01:30 라스트오더'], ['격주 일요일 정기 휴무']]",0507-1388-7759
달리,요리주점,4.49,서울 마포구 양화로6길 86 2층,"[['영업 중', '04:00에 영업 종료', '4시 0분에 영업 종료'], ['화', '11:30 - 04:00'], ['수', '정기휴무 (매주 수요일)'], ['목', '11:30 - 04:00'], ['금', '11:30 - 04:00'], ['토', '11:30 - 04:00'], ['일', '11:30 - 04:00'], ['월', '11:30 - 04:00'], ['2014테이스티로드 31회, 14.08.23.', '2014년 8월 23일', ' 명란덮밥/명란파스타']]",0507-1381-4123
홍대 달동네,요리주점,4.49,서울 마포구 양화로6길 86 2층,"[['영업 중', '04:00에 영업 종료', '4시 0분에 영업 종료', '펼쳐보기'], ['2014테이스티로드 31회, 14.08.23.', '2014년 8월 23일', ' 명란덮밥/명란파스타']]",0507-1381-4123
레코드피자,"맥주,호프",정보 없음,서울 마포구 와우산로32길 40 1층 레코드피자,"[['영업 중', '00:30에 라스트오더', '0시 30분에 라스트오더'], ['화', '17:00 - 01:00', '00:30 라스트오더'], ['수', '17:00 - 01:00', '00:30 라스트오더'], ['목', '17:00 - 01:00', '00:30 라스트오더'], ['금', '17:00 - 01:00', '00:30 라스트오더'], ['토', '17:00 - 01:00', '00:30 라스트오더'], ['일', '17:00 - 01:00', '00:30 라스트오더'], ['월', '정기휴무 (매주 월요일)']]",010-5480-7007
곤밥,요리주점,4.4,서울 마포구 토정로 105,"[['영업 중', '24:00에 영업 종료', '0시 0분에 영업 종료'], ['화', '16:00 - 24:00'], ['수', '16:00 - 24:00'], ['목', '16:00 - 24:00'], ['금', '16:00 - 24:00'], ['토', '16:00 - 24:00'], ['일', '정기휴무 (매주 일요일)'], ['월', '16:00 - 24:00']]",02-336-5157
딤,술집,4.4,서울 마포구 토정로 105,"[['영업 중', '24:00에 영업 종료', '0시 0분에 영업 종료', '펼쳐보기']]",02-336-5157
코르크,"맥주,호프",4.22,서울 마포구 양화로23길 34 2층,"[['영업 중', '02:00에 영업 종료', '2시 0분에 영업 종료'], ['매일', '17:00 - 02:00']]",0507-1334-3167
플래시백,바(BAR),4.22,서울 마포구 양화로23길 34 2층,"[['영업 중', '02:00에 영업 종료', '2시 0분에 영업 종료', '펼쳐보기']]",0507-1334-3167
홍맛술,요리주점,정보 없음,서울 마포구 잔다리로 11 1층,"[['영업 중', '03:00에 영업 종료', '3시 0분에 영업 종료'], ['화', '17:00 - 03:00'], ['수', '17:00 - 03:00'], ['목', '17:00 - 03:00'], ['금', '17:00 - 03:00'], ['토', '17:00 - 04:00'], ['일', '17:00 - 04:00'], ['월', '17:00 - 03:00']]",0507-1341-9047
난바다,요리주점,정보 없음,서울 마포구 와우산로17길 14 2층,"[['오늘 휴무', '매주 화요일 휴무', '매주 화요일 휴무'], ['화', '정기휴무 (매주 화요일)'], ['수', '17:00 - 23:00', '22:30 라스트오더'], ['목', '17:00 - 23:00', '22:30 라스트오더'], ['금', '17:00 - 23:00', '22:30 라스트오더'], ['토', '13:00 - 21:30', '21:00 라스트오더'], ['일', '13:00 - 21:30', '21:00 라스트오더'], ['월', '정기휴무 (매주 월요일)'], ['- 주말은 런치/디너 100% 예약제 입니다!!']]",0507-1309-7061
황포25,요리주점,4.41,서울 마포구 와우산로17길 24-3 좌측동 1층,"[['영업 중', '10:30에 영업 종료', '10시 30분에 영업 종료'], ['화', '17:00 - 10:30'], ['수', '17:00 - 10:30'], ['목', '17:00 - 10:30'], ['금', '17:00 - 10:30'], ['토', '17:00 - 10:30'], ['일', '17:00 - 10:30'], ['월', '17:00 - 10:30']]",02-322-5103
우식궁,요리주점,4.41,서울 마포구 와우산로17길 24-3 좌측동 1층,"[['영업 중', '10:30에 영업 종료', '10시 30분에 영업 종료', '펼쳐보기']]",02-322-5103
장미별장,포장마차,4.8,서울 마포구 와우산로 65 1층,"[['영업 중', '07:00에 영업 종료', '7시 0분에 영업 종료'], ['매일', '17:00 - 07:00']]",02-322-9293
모꼬지해산물,"해물,생선요리",4.8,서울 마포구 와우산로 65 1층,"[['영업 중', '07:00에 영업 종료', '7시 0분에 영업 종료', '펼쳐보기']]",02-322-9293
수달산장,요리주점,정보 없음,서울 마포구 와우산로37길 1 1층 / 1지층,"[['영업 중', '23:30에 라스트오더', '23시 30분에 라스트오더'], ['매일', '15:00 - 24:00', '23:30 라스트오더']]",0507-1328-2899
이주방,요리주점,4.57,서울 마포구 연희로 33 2층,"[['오늘 휴무', '매주 화요일 휴무', '매주 화요일 휴무'], ['화', '정기휴무 (매주 화요일)'], ['수', '17:00 - 24:00'], ['목', '17:00 - 24:00'], ['금', '17:00 - 24:00'], ['토', '17:00 - 24:00'], ['일', '17:00 - 24:00'], ['월', '17:00 - 24:00']]",0507-1373-3618
호쿤,이자카야,4.57,서울 마포구 연희로 33 2층,"[['오늘 휴무', '매주 화요일 휴무', '매주 화요일 휴무', '펼쳐보기']]",0507-1373-3618
쿠루미 1호점,이자카야,4.52,서울 마포구 동교로 242-13 2층,"[['영업 중', '00:00에 라스트오더', '0시 0분에 라스트오더'], ['화', '17:00 - 01:00', '00:00 라스트오더'], ['수', '17:00 - 01:00', '00:00 라스트오더'], ['목', '17:00 - 01:00', '00:00 라스트오더'], ['금', '17:00 - 01:00', '00:00 라스트오더'], ['토', '17:00 - 01:00', '00:00 라스트오더'], ['일', '17:00 - 24:00', '23:00 라스트오더'], ['월', '17:00 - 01:00', '00:00 라스트오더']]",0507-1401-7315
이반추얼리,요리주점,4.52,서울 마포구 동교로 242-13 2층,"[['영업 중', '00:00에 라스트오더', '0시 0분에 라스트오더', '펼쳐보기']]",0507-1401-7315
흥에취한범 홍대점,요리주점,정보 없음,"서울 마포구 와우산로 67 지하1층, 지하2층","[['영업 중', '05:00에 영업 종료', '5시 0분에 영업 종료'], ['매일', '18:00 - 05:00']]",0507-1336-9586
옥희 홍대점,요리주점,정보 없음,"서울 마포구 잔다리로 6 2층, 3층","[['영업 중', '05:00에 영업 종료', '5시 0분에 영업 종료'], ['매일', '17:00 - 05:00']]",0507-1375-9256
서교포차,"맥주,호프",정보 없음,"서울 마포구 잔다리로 5 1층, 2층, 3층","[['영업 중', '04:00에 라스트오더', '4시 0분에 라스트오더'], ['매일', '17:00 - 05:00', '04:00 라스트오더'], ['- 연중무휴']]",0507-1377-3012
키즈나,이자카야,4.61,서울 마포구 와우산로29바길 6 지층,"[['영업 중', '01:00에 라스트오더', '1시 0분에 라스트오더'], ['화', '17:00 - 02:00', '01:00 라스트오더'], ['수', '17:00 - 02:00', '01:00 라스트오더'], ['목', '17:00 - 02:00', '01:00 라스트오더'], ['금', '17:00 - 02:00', '01:00 라스트오더'], ['토', '17:00 - 02:00', '01:00 라스트오더'], ['일', '17:00 - 02:00', '01:00 라스트오더'], ['월', '정기휴무 (매주 월요일)'], ['- 매달 첫번째 일요일 휴무입니다']]",0507-1432-6676
풍암정,요리주점,4.61,서울 마포구 와우산로29바길 6 지층,"[['영업 중', '01:00에 라스트오더', '1시 0분에 라스트오더', '펼쳐보기'], ['']]",0507-1432-6676
킹콩포차,포장마차,4.24,서울 마포구 어울마당로 115-1,"[['24시간 영업', '연중무휴', '연중무휴'], ['매일', '00:00 - 24:00']]",070-8875-1001
참새방앗간,요리주점,4.24,서울 마포구 어울마당로 115-1,"[['24시간 영업', '연중무휴', '연중무휴', '펼쳐보기']]",070-8875-1001
룡도,요리주점,정보 없음,서울 마포구 독막로3길 24-10 지1층 A호,"[['영업 중', '01:00에 라스트오더', '1시 0분에 라스트오더'], ['화', '17:00 - 02:00', '01:00 라스트오더'], ['수', '17:00 - 02:00', '01:00 라스트오더'], ['목', '17:00 - 02:00', '01:00 라스트오더'], ['금', '17:00 - 02:00', '01:00 라스트오더'], ['토', '16:00 - 03:00', '02:00 라스트오더'], ['일', '17:00 - 24:00', '23:00 라스트오더'], ['월', '17:00 - 02:00', '01:00 라스트오더']]",0507-1346-5113
서울주막 홍대점,요리주점,정보 없음,서울 마포구 와우산로 67 1~5층 서울주막,"[['영업 중', '02:00에 라스트오더', '2시 0분에 라스트오더'], ['화', '18:00 - 03:00', '02:00 라스트오더'], ['수', '18:00 - 03:00', '02:00 라스트오더'], ['목', '18:00 - 03:00', '02:00 라스트오더'], ['금', '18:00 - 06:00', '05:00 라스트오더'], ['토', '18:00 - 06:00', '05:00 라스트오더'], ['일', '18:00 - 03:00', '02:00 라스트오더'], ['월', '18:00 - 03:00', '02:00 라스트오더']]",0507-1469-6077
슈퍼방구 홍대점,포장마차,4.41,서울 마포구 잔다리로 12 1층,"[['영업 중', '09:00에 영업 종료', '에 영업 종료'], ['매일', '16:00 - 09:00']]",0507-1349-7402
바다포차 시실리,요리주점,4.41,서울 마포구 잔다리로 12 1층,"[['영업 중', '09:00에 영업 종료', '에 영업 종료', '펼쳐보기']]",0507-1349-7402
히포포차,포장마차,정보 없음,서울 마포구 독막로9길 43 2층,"[['오늘 휴무', '매주 화요일 휴무', '매주 화요일 휴무'], ['화', '정기휴무 (매주 화요일)'], ['수', '16:00 - 04:00'], ['목', '16:00 - 04:00'], ['금', '16:00 - 04:00'], ['토', '16:00 - 04:00'], ['일', '16:00 - 04:00'], ['월', '16:00 - 04:00']]",0507-1443-0022
효봉포차,술집,4.6,서울 마포구 와우산로18길 12,"[['영업 중', '03:00에 라스트오더', '3시 0분에 라스트오더'], ['매일', '17:00 - 04:00', '03:00 라스트오더']]",정보 없음
스탠딩박스,이자카야,4.6,서울 마포구 와우산로18길 12,"[['영업 중', '03:00에 라스트오더', '3시 0분에 라스트오더', '펼쳐보기']]",0507-1341-4531
무명요리사,이자카야,4.49,서울 마포구 동교로32길 3 1층 무명요리사,"[['영업 중', '05:00에 영업 종료', '5시 0분에 영업 종료'], ['매일', '17:00 - 05:00']]",02-3144-3884
달빛소굴,"맥주,호프",4.49,서울 마포구 동교로32길 3 1층 무명요리사,"[['영업 중', '05:00에 영업 종료', '5시 0분에 영업 종료', '펼쳐보기']]",02-3144-3884
헬로헬로 쑬,요리주점,정보 없음,서울 마포구 와우산로29바길 12,"[['영업 중', '04:00에 영업 종료', '4시 0분에 영업 종료'], ['매일', '16:00 - 04:00']]",02-334-3243
리미트,요리주점,정보 없음,서울 마포구 독막로15길 5 102호,"[['영업 중', '23:00에 라스트오더', '23시 0분에 라스트오더'], ['화', '17:00 - 24:00', '23:00 라스트오더'], ['수', '17:00 - 24:00', '23:00 라스트오더'], ['목', '17:00 - 24:00', '23:00 라스트오더'], ['금', '17:00 - 24:00', '23:00 라스트오더'], ['토', '17:00 - 24:00', '23:00 라스트오더'], ['일', '정기휴무 (매주 일요일)'], ['월', '17:00 - 24:00', '23:00 라스트오더']]",0507-1364-2260
미식가주택,요리주점,정보 없음,서울 마포구 와우산로 15-5 1층,"[['영업 중', '23:00에 라스트오더', '23시 0분에 라스트오더'], ['화', '18:00 - 24:00', '23:00 라스트오더'], ['수', '18:00 - 24:00', '23:00 라스트오더'], ['목', '18:00 - 24:00', '23:00 라스트오더'], ['금', '18:00 - 24:00', '23:00 라스트오더'], ['토', '17:00 - 23:00', '22:00 라스트오더'], ['일', '17:00 - 23:00', '22:00 라스트오더'], ['월', '18:00 - 24:00', '23:00 라스트오더']]",0507-1329-9808
금강산호프,"맥주,호프",4.56,서울 마포구 성지길 18,"[['영업 중', '02:00에 영업 종료', '2시 0분에 영업 종료'], ['화', '15:00 - 02:00'], ['수', '15:00 - 02:00'], ['목', '15:00 - 02:00'], ['금', '15:00 - 02:00'], ['토', '15:00 - 02:00'], ['일', '15:00 - 02:00'], ['월', '15:00 - 02:00'], ['매달 2번째 일요일 정기 휴무']]",02-334-8120
유림상회,요리주점,4.56,서울 마포구 성지길 18,"[['영업 중', '02:00에 영업 종료', '2시 0분에 영업 종료', '펼쳐보기'], ['']]",02-334-8120
요아케,이자카야,정보 없음,서울 마포구 독막로15길 16 2층 요아케,"[['영업 중', '02:00에 영업 종료', '2시 0분에 영업 종료'], ['화', '17:00 - 02:00'], ['수', '17:00 - 02:00'], ['목', '17:00 - 02:00'], ['금', '17:00 - 02:00'], ['토', '17:00 - 02:00'], ['일', '정기휴무 (매주 일요일)'], ['월', '17:00 - 02:00']]",0507-1444-8303
금별맥주 홍대직영점,"맥주,호프",4.5,"서울 마포구 독막로7길 63 ,1층","[['영업 중', '04:30에 영업 종료', '4시 30분에 영업 종료'], ['화', '15:00 - 04:30'], ['수', '15:00 - 04:30'], ['목', '15:00 - 04:30'], ['금', '15:00 - 04:30'], ['토', '15:00 - 04:30'], ['일', '15:00 - 04:30'], ['월', '15:00 - 04:30']]",02-333-2996
모모키친,이자카야,4.5,"서울 마포구 독막로7길 63 ,1층","[['영업 중', '04:30에 영업 종료', '4시 30분에 영업 종료', '펼쳐보기']]",02-333-2996
네포,"맥주,호프",정보 없음,서울 마포구 독막로15길 3-11 1층,"[['영업 중', '23:00에 라스트오더', '23시 0분에 라스트오더'], ['화', '18:00 - 24:00', '23:00 라스트오더'], ['수', '18:00 - 24:00', '23:00 라스트오더'], ['목', '18:00 - 24:00', '23:00 라스트오더'], ['금', '18:00 - 02:00', '01:00 라스트오더'], ['토', '18:00 - 02:00', '01:00 라스트오더'], ['일', '18:00 - 24:00', '23:00 라스트오더'], ['월', '정기휴무 (매주 월요일)']]",0507-1406-3412
백해,이자카야,4.31,서울 마포구 월드컵북로2길 86 1층,"[['영업 중', '01:00에 영업 종료', '1시 0분에 영업 종료'], ['화', '17:00 - 01:00'], ['수', '17:00 - 01:00'], ['목', '17:00 - 01:00'], ['금', '17:00 - 01:00'], ['토', '17:00 - 01:00'], ['일', '17:00 - 01:00'], ['월(7/17)', '제헌절17:00 - 01:00']]",02-332-3534
노라바라룸술집,요리주점,4.31,서울 마포구 월드컵북로2길 86 1층,"[['영업 중', '01:00에 영업 종료', '1시 0분에 영업 종료', '펼쳐보기']]",02-332-3534
꿀뱅이,요리주점,4.62,서울 마포구 동교로 212-5 1층,"[['영업 중', '23:00에 라스트오더', '23시 0분에 라스트오더'], ['화', '17:00 - 24:00', '23:00 라스트오더'], ['수', '17:00 - 24:00', '23:00 라스트오더'], ['목', '17:00 - 24:00', '23:00 라스트오더'], ['금', '17:00 - 24:00', '23:00 라스트오더'], ['토', '17:00 - 24:00', '23:00 라스트오더'], ['일', '정기휴무 (매주 일요일)'], ['월', '17:00 - 24:00', '23:00 라스트오더']]",0507-1316-2024
차차밀로,요리주점,4.62,서울 마포구 동교로 212-5 1층,"[['영업 중', '23:00에 라스트오더', '23시 0분에 라스트오더', '펼쳐보기']]",0507-1316-2024
JASE,바(BAR),정보 없음,서울 마포구 와우산로19길 6-11 2층,"[['영업 중', '02:00에 영업 종료', '2시 0분에 영업 종료'], ['매일', '17:00 - 02:00'], ['- 코로나 거리두기로 인해 영업시간이 단축되었습니다.']]",0507-1410-8220
한잔하다,요리주점,정보 없음,서울 마포구 동교로34길 9 2층,"[['영업 중', '23:00에 라스트오더', '23시 0분에 라스트오더'], ['화', '17:00 - 24:00', '23:00 라스트오더'], ['수', '17:00 - 01:00', '00:00 라스트오더'], ['목', '17:00 - 01:00', '00:00 라스트오더'], ['금', '17:00 - 01:00', '00:00 라스트오더'], ['토', '16:00 - 01:00', '00:00 라스트오더'], ['일', '16:00 - 24:00', '23:00 라스트오더'], ['월', '17:00 - 24:00', '23:00 라스트오더']]",0507-1392-8655
스트라이프바,요리주점,정보 없음,서울 마포구 와우산로21길 19-11 지하1층,"[['영업 전', '19:00에 영업 시작', '19시 0분에 영업 시작'], ['화', '19:00 - 01:00'], ['수', '19:00 - 01:00'], ['목', '19:00 - 01:00'], ['금', '19:00 - 03:00'], ['토', '19:00 - 03:00'], ['일', '19:00 - 01:00'], ['월(7/17)', '제헌절19:00 - 01:00']]",0507-1358-0219
익순,요리주점,정보 없음,서울 마포구 양화진길 5 합정마트 입구 옆,"[['영업 중', '00:00에 라스트오더', '0시 0분에 라스트오더'], ['화', '18:00 - 01:00', '00:00 라스트오더'], ['수', '18:00 - 01:00', '00:00 라스트오더'], ['목', '18:00 - 01:00', '00:00 라스트오더'], ['금', '18:00 - 02:00', '01:00 라스트오더'], ['토', '18:00 - 02:00', '01:00 라스트오더'], ['일', '정기휴무 (매주 일요일)'], ['월', '18:00 - 01:00', '00:00 라스트오더']]",0507-1326-9260
신조이자카야,이자카야,정보 없음,서울 마포구 연희로1길 36 지1층 우측,"[['오늘 휴무', '매주 화요일 휴무', '매주 화요일 휴무'], ['화', '정기휴무 (매주 화요일)'], ['수', '17:00 - 01:00', '23:30 라스트오더'], ['목', '17:00 - 01:00', '23:30 라스트오더'], ['금', '17:00 - 02:00', '00:30 라스트오더'], ['토', '17:00 - 02:00', '00:30 라스트오더'], ['일', '17:00 - 01:00', '23:30 라스트오더'], ['월(7/17)', '제헌절17:00 - 01:00']]",02-3144-7110
미드나잇 키친 연남점,요리주점,4.7,서울 마포구 동교로32길 5 1층,"[['영업 중', '00:30에 라스트오더', '0시 30분에 라스트오더'], ['화', '16:30 - 02:00', '00:30 라스트오더'], ['수', '16:30 - 02:00', '00:30 라스트오더'], ['목', '16:30 - 02:00', '00:30 라스트오더'], ['금', '16:30 - 02:00', '00:30 라스트오더'], ['토', '15:30 - 02:00', '00:30 라스트오더'], ['일', '15:30 - 02:00', '00:30 라스트오더'], ['월', '정기휴무 (매주 월요일)'], ['- 12월11일 일요일 매장 깜짝휴무']]",0507-1339-9633
사쿠라테이엔 합정점,이자카야,4.7,서울 마포구 동교로32길 5 1층,"[['영업 중', '00:30에 라스트오더', '0시 30분에 라스트오더', '펼쳐보기'], ['']]",0507-1339-9633
인사동노가리 홍대점,"맥주,호프",정보 없음,서울 마포구 어울마당로 136-16 1층 인사동노가리,"[['오늘 휴무', '매주 화요일 휴무', '매주 화요일 휴무'], ['화', '정기휴무 (매주 화요일)'], ['수', '17:00 - 01:00'], ['목', '17:00 - 01:00'], ['금', '17:00 - 03:00'], ['토', '17:00 - 03:00'], ['일', '17:00 - 01:00'], ['월', '17:00 - 01:00']]",010-5599-0931
달빛부엌,요리주점,정보 없음,서울 마포구 동교로46길 34 . 지층동,"[['영업 중', '24:00에 영업 종료', '0시 0분에 영업 종료'], ['화', '18:00 - 24:00'], ['수', '18:00 - 24:00'], ['목', '18:00 - 24:00'], ['금', '17:30 - 01:00'], ['토', '17:30 - 01:00'], ['일', '18:00 - 24:00'], ['월', '정기휴무 (매주 월요일)'], ['- 휴무일 인스타그램 참고 @moonkitchen1234'], ['식신로드1 203회, 14.10.11.', '2014년 10월 11일', ' 3종모둠튀김/돼지고기바질볶음']]",02-322-3559
큐슈방,이자카야,정보 없음,서울 마포구 독막로3길 18 2층 201호,"[['영업 중', '23:00에 라스트오더', '23시 0분에 라스트오더'], ['화', '16:00 - 24:00', '23:00 라스트오더'], ['수', '16:00 - 24:00', '23:00 라스트오더'], ['목', '16:00 - 24:00', '23:00 라스트오더'], ['금', '16:00 - 01:00', '00:00 라스트오더'], ['토', '16:00 - 01:00', '00:00 라스트오더'], ['일(7/16)', '휴무'], ['월', '정기휴무 (매주 월요일)'], ['접기']]",0507-1320-1314
주미담 홍대점,이자카야,정보 없음,서울 마포구 와우산로17길 10 1층 주미담 홍대점,"[['영업 중', '03:00에 영업 종료', '3시 0분에 영업 종료'], ['매일', '17:30 - 03:00']]",010-6261-2512
미나리,요리주점,정보 없음,서울 마포구 양화로6길 14 1층 코너점포,"[['영업 중', '11:50에 라스트오더', '11시 50분에 라스트오더'], ['화', '17:00 - 12:30', '11:50 라스트오더'], ['수', '17:00 - 12:30', '11:50 라스트오더'], ['목', '17:00 - 12:30', '11:50 라스트오더'], ['금', '17:00 - 02:00', '01:20 라스트오더'], ['토', '17:00 - 02:00', '01:20 라스트오더'], ['일', '17:00 - 12:30', '11:50 라스트오더'], ['월', '17:00 - 12:30', '11:50 라스트오더']]",010-9585-7805
넨네,이자카야,정보 없음,서울 마포구 잔다리로3안길 27 B03호,"[['영업 중', '02:00에 영업 종료', '2시 0분에 영업 종료'], ['매일', '15:00 - 02:00']]",0507-1347-9339
노래타운 세븐플로어 홍대점,요리주점,4.21,서울 마포구 양화로 133 서교타워 지하1층 B102,"[['영업 중', '05:00에 영업 종료', '5시 0분에 영업 종료'], ['화', '18:00 - 05:00'], ['수', '18:00 - 05:00'], ['목', '18:00 - 05:00'], ['금', '18:00 - 06:00'], ['토', '18:00 - 06:00'], ['일', '18:00 - 05:00'], ['월', '18:00 - 05:00'], ['- 연중무휴 영업합니다']]",0507-1489-4588
어른이대공원,요리주점,4.21,서울 마포구 양화로 133 서교타워 지하1층 B102,"[['영업 중', '05:00에 영업 종료', '5시 0분에 영업 종료', '펼쳐보기'], ['']]",0507-1489-4588
이끔,요리주점,정보 없음,서울 마포구 동교로46길 24-2 2층 이끔,"[['영업 중', '23:00에 라스트오더', '23시 0분에 라스트오더'], ['화', '17:00 - 24:00', '23:00 라스트오더'], ['수', '17:00 - 24:00', '23:00 라스트오더'], ['목', '17:00 - 24:00', '23:00 라스트오더'], ['금', '17:00 - 24:00', '23:00 라스트오더'], ['토', '17:00 - 24:00', '23:00 라스트오더'], ['일', '17:00 - 24:00', '23:00 라스트오더'], ['월(7/17)', '제헌절10:00 - 20:00']]",010-4169-6302
쿄식탁,이자카야,정보 없음,서울 마포구 독막로 67-9 1층,"[['영업 중', '00:00에 라스트오더', '0시 0분에 라스트오더'], ['화', '17:00 - 01:00', '00:00 라스트오더'], ['수', '17:00 - 01:00', '00:00 라스트오더'], ['목', '17:00 - 01:00', '00:00 라스트오더'], ['금', '17:00 - 03:00', '02:00 라스트오더'], ['토', '17:00 - 03:00', '02:00 라스트오더'], ['일', '17:00 - 01:00', '00:00 라스트오더'], ['월(7/17)', '제헌절17:00 - 02:00']]",0507-1323-4066
해달밥술,요리주점,4.11,서울 마포구 동교로30길 17-1 지층,"[['영업 중', '24:00에 영업 종료', '0시 0분에 영업 종료'], ['화', '11:00 - 24:00'], ['수', '11:00 - 24:00'], ['목', '11:00 - 24:00'], ['금', '11:00 - 24:00'], ['토', '11:00 - 24:00'], ['일', '16:00 - 24:00'], ['월', '11:00 - 24:00'], ['굿모닝대한민국 638회, 13.11.06.', '2013년 11월 6일', ' ']]",02-322-4742
더뷰 합정,바(BAR),4.11,서울 마포구 동교로30길 17-1 지층,"[['영업 중', '24:00에 영업 종료', '0시 0분에 영업 종료', '펼쳐보기'], ['굿모닝대한민국 638회, 13.11.06.', '2013년 11월 6일', ' ']]",02-322-4742
자개장,요리주점,정보 없음,서울 마포구 독막로15길 3-13 1층,"[['영업 중', '04:00에 영업 종료', '4시 0분에 영업 종료'], ['화', '18:00 - 04:00'], ['수', '18:00 - 04:00'], ['목', '18:00 - 04:00'], ['금', '19:00 - 06:00'], ['토', '19:00 - 06:00'], ['일', '18:00 - 02:00'], ['월', '정기휴무 (매주 월요일)']]",0507-1375-3690
주문포차,요리주점,정보 없음,서울 마포구 와우산로15길 40 b01호,"[['영업 중', '02:00에 영업 종료', '2시 0분에 영업 종료'], ['화', '18:00 - 02:00'], ['수', '18:00 - 02:00'], ['목', '18:00 - 02:00'], ['금', '18:00 - 02:00'], ['토', '18:00 - 02:00'], ['일', '정기휴무 (매주 일요일)'], ['월', '18:00 - 02:00']]",0507-1335-5618
장농속,"맥주,호프",정보 없음,서울 마포구 동교로46길 22,"[['영업 중', '01:00에 영업 종료', '1시 0분에 영업 종료'], ['화', '17:00 - 01:00'], ['수', '17:00 - 01:00'], ['목', '17:00 - 01:00'], ['금', '17:00 - 01:00'], ['토', '14:00 - 01:00'], ['일', '14:00 - 01:00'], ['월(7/17)', '제헌절14:00 - 01:00']]",070-4065-6212
모모,이자카야,4.58,서울 마포구 동교로 242-6,"[['영업 중', '02:00에 영업 종료', '2시 0분에 영업 종료'], ['화', '17:00 - 02:00'], ['수', '17:00 - 02:00'], ['목', '17:00 - 02:00'], ['금', '17:00 - 03:00'], ['토', '17:00 - 03:00'], ['일', '17:00 - 02:00'], ['월', '17:00 - 02:00']]",0507-1369-9781
약수터,포장마차,4.58,서울 마포구 동교로 242-6,"[['영업 중', '02:00에 영업 종료', '2시 0분에 영업 종료', '펼쳐보기']]",0507-1369-9781
미향언니포장마차,포장마차,4.44,서울 마포구 와우산로29바길 18 서교동 331-8 1층 미향언니포장마차,정보 없음,정보 없음
용용선생 홍대점,요리주점,4.44,서울 마포구 와우산로29바길 18 서교동 331-8 1층 미향언니포장마차,"[['영업 중', '01:00에 라스트오더', '1시 0분에 라스트오더'], ['화', '17:00 - 02:00', '01:00 라스트오더'], ['수', '17:00 - 02:00', '01:00 라스트오더'], ['목', '17:00 - 02:00', '01:00 라스트오더'], ['금', '17:00 - 04:00', '03:00 라스트오더'], ['토', '17:00 - 04:00', '03:00 라스트오더'], ['일', '17:00 - 02:00', '01:00 라스트오더'], ['월', '17:00 - 02:00', '01:00 라스트오더']]",02-336-3996
당인리극장,술집,4.53,서울 마포구 양화로6길 21 2층 당인리극장,"[['영업 중', '01:00에 라스트오더', '1시 0분에 라스트오더'], ['화', '18:00 - 02:00', '01:00 라스트오더'], ['수', '18:00 - 02:00', '01:00 라스트오더'], ['목', '18:00 - 02:00', '01:00 라스트오더'], ['금', '18:00 - 04:00', '03:00 라스트오더'], ['토', '18:00 - 04:00', '03:00 라스트오더'], ['일', '18:00 - 02:00', '01:00 라스트오더'], ['월', '정기휴무 (매주 월요일)'], ['- 법정 공휴일 전날은 영업 합니다']]",070-4065-6602
다노,요리주점,4.53,서울 마포구 양화로6길 21 2층 당인리극장,"[['영업 중', '01:00에 라스트오더', '1시 0분에 라스트오더', '펼쳐보기'], ['']]",070-4065-6602
시바카야 라카세,이자카야,정보 없음,서울 마포구 독막로9길 3 1층 좌측,"[['영업 중', '01:15에 라스트오더', '1시 15분에 라스트오더'], ['화', '18:00 - 02:00', '01:15 라스트오더'], ['수', '18:00 - 02:00', '01:15 라스트오더'], ['목', '18:00 - 02:00', '01:15 라스트오더'], ['금', '18:00 - 04:00', '03:15 라스트오더'], ['토', '18:00 - 04:00', '03:15 라스트오더'], ['일', '17:00 - 01:00', '00:15 라스트오더'], ['월', '정기휴무 (매주 월요일)'], ['- 5월29일 ,6월5일 영업합니다.']]",0507-1357-4442
기대 연남,"맥주,호프",4.36,서울 마포구 동교로38길 33-9 9 라온오레 1층,"[['영업 중', '00:00에 라스트오더', '0시 0분에 라스트오더'], ['화', '13:00 - 01:00', '00:00 라스트오더'], ['수', '13:00 - 01:00', '00:00 라스트오더'], ['목', '13:00 - 01:00', '00:00 라스트오더'], ['금', '13:00 - 01:00', '00:00 라스트오더'], ['토', '13:00 - 01:00', '00:00 라스트오더'], ['일', '13:00 - 01:00', '00:00 라스트오더'], ['월', '정기휴무 (매주 월요일)']]",0507-1305-1494
느린마을양조장 홍대점,요리주점,4.36,서울 마포구 동교로38길 33-9 9 라온오레 1층,"[['영업 중', '00:00에 라스트오더', '0시 0분에 라스트오더', '펼쳐보기']]",0507-1305-1494
연남슈퍼,"맥주,호프",4.53,서울 마포구 연희로 29-1 1층 전체 연남슈퍼,"[['영업 중', '01:30에 라스트오더', '1시 30분에 라스트오더'], ['화', '17:00 - 02:00', '01:30 라스트오더'], ['수', '17:00 - 02:00', '01:30 라스트오더'], ['목', '17:00 - 02:00', '01:30 라스트오더'], ['금', '17:00 - 02:00', '01:30 라스트오더'], ['토', '15:00 - 03:00', '02:30 라스트오더'], ['일', '17:00 - 02:00', '01:30 라스트오더'], ['월', '정기휴무 (매주 월요일)']]",0507-1305-1173
소주방,요리주점,4.53,서울 마포구 연희로 29-1 1층 전체 연남슈퍼,"[['영업 중', '01:30에 라스트오더', '1시 30분에 라스트오더', '펼쳐보기']]",0507-1305-1173
호프마당,"맥주,호프",4.55,서울 마포구 양화로15안길 28,"[['영업 중', '00:00에 라스트오더', '0시 0분에 라스트오더'], ['매일', '16:30 - 01:00', '00:00 라스트오더']]",02-324-0281
얼맥당 홍대카페거리점,"맥주,호프",4.55,서울 마포구 양화로15안길 28,"[['영업 중', '00:00에 라스트오더', '0시 0분에 라스트오더', '펼쳐보기']]",02-324-0281
애주당 연남점,술집,정보 없음,서울 마포구 동교로38길 27-5 1층,"[['영업 중', '22:00에 라스트오더', '22시 0분에 라스트오더'], ['화', '17:00 - 23:00', '22:00 라스트오더'], ['수', '17:00 - 23:00', '22:00 라스트오더'], ['목', '17:00 - 23:00', '22:00 라스트오더'], ['금', '17:00 - 24:00', '23:00 라스트오더'], ['토', '16:00 - 24:00', '23:00 라스트오더'], ['일', '16:00 - 23:00', '22:00 라스트오더'], ['월', '정기휴무 (매주 월요일)']]",02-6080-1957
치치 상수점,요리주점,4.41,서울 마포구 독막로 71,"[['오늘 휴무', '07/11 휴무', '07/11 휴무'], ['화(7/11)', '휴무'], ['수', '17:30 - 04:00', '03:00 라스트오더'], ['목', '17:30 - 04:00', '03:00 라스트오더'], ['금', '17:30 - 04:00', '03:00 라스트오더'], ['토', '17:30 - 04:00', '03:00 라스트오더'], ['일', '17:30 - 04:00', '03:00 라스트오더'], ['월', '정기휴무 (매주 월요일)'], ['- 매장상황에 따라 주말 조기마감할수있습니다!'], ['식신로드1 129회, 13.05.11.', '2013년 5월 11일', ' 가지튀김/왕새우튀김']]",010-9194-9943
여의주점,요리주점,4.41,서울 마포구 독막로 71,"[['오늘 휴무', '07/11 휴무', '07/11 휴무', '펼쳐보기'], [''], ['식신로드1 129회, 13.05.11.', '2013년 5월 11일', ' 가지튀김/왕새우튀김']]",010-9194-9943
