월,화,수,목,금,토,일
17:00 - 01:00,17:00 - 01:00,17:00 - 01:00,17:00 - 01:00,17:00 - 01:00,17:00 - 01:00,정기휴무 (매주 일요일)
정보 없음,정보 없음,정보 없음,정보 없음,정보 없음,정보 없음,정보 없음
정보 없음,정보 없음,정보 없음,정보 없음,정보 없음,정보 없음,정보 없음
정보 없음,정보 없음,정보 없음,정보 없음,정보 없음,정보 없음,정보 없음
정보 없음,정보 없음,정보 없음,정보 없음,정보 없음,정보 없음,정보 없음
정보 없음,정보 없음,정보 없음,정보 없음,정보 없음,정보 없음,정보 없음
17:00 - 01:00,17:00 - 01:00,17:00 - 01:00,17:00 - 01:00,17:00 - 03:00,17:00 - 03:00,17:00 - 01:00
정기휴무 (매주 월요일),12:00 - 24:00,12:00 - 24:00,12:00 - 24:00,12:00 - 24:00,12:00 - 24:00,12:00 - 24:00
정보 없음,정보 없음,정보 없음,정보 없음,정보 없음,정보 없음,정보 없음
정보 없음,정보 없음,정보 없음,정보 없음,정보 없음,정보 없음,정보 없음
정보 없음,정보 없음,정보 없음,정보 없음,정보 없음,정보 없음,정보 없음
정보 없음,정보 없음,정보 없음,정보 없음,정보 없음,정보 없음,정보 없음
15:00 - 24:00,15:00 - 24:00,15:00 - 24:00,15:00 - 24:00,15:00 - 24:00,15:00 - 24:00,15:00 - 24:00
정보 없음,정보 없음,정보 없음,정보 없음,정보 없음,정보 없음,정보 없음
정보 없음,정보 없음,정보 없음,정보 없음,정보 없음,정보 없음,정보 없음
정보 없음,정보 없음,정보 없음,정보 없음,정보 없음,정보 없음,정보 없음
18:00 - 24:00,18:00 - 24:00,18:00 - 24:00,18:00 - 24:00,18:00 - 02:00,18:00 - 02:00,18:00 - 24:00
16:00 - 02:00,16:00 - 02:00,16:00 - 02:00,16:00 - 02:00,16:00 - 02:00,16:00 - 02:00,정기휴무 (매주 일요일)
16:00 - 02:00,16:00 - 02:00,16:00 - 02:00,16:00 - 02:00,15:00 - 03:00,15:00 - 03:00,15:00 - 03:00
정보 없음,정보 없음,정보 없음,정보 없음,정보 없음,정보 없음,정보 없음
17:30 - 04:00,17:30 - 04:00,17:30 - 04:00,17:30 - 04:00,17:30 - 04:00,17:30 - 04:00,17:30 - 04:00
정보 없음,정보 없음,정보 없음,정보 없음,정보 없음,정보 없음,정보 없음
정보 없음,정보 없음,정보 없음,정보 없음,정보 없음,정보 없음,정보 없음
16:00 - 03:00,16:00 - 03:00,정기휴무 (매주 수요일),16:00 - 03:00,16:00 - 03:00,16:00 - 03:00,16:00 - 03:00
16:00 - 02:00,16:00 - 02:00,16:00 - 02:00,16:00 - 02:00,16:00 - 02:00,16:00 - 02:00,16:00 - 02:00
정기휴무 (매주 월요일),18:00 - 01:00,18:00 - 01:00,18:00 - 01:00,18:00 - 02:00,17:00 - 02:00,17:00 - 24:00
정보 없음,정보 없음,정보 없음,정보 없음,정보 없음,정보 없음,정보 없음
정보 없음,정보 없음,정보 없음,정보 없음,정보 없음,정보 없음,정보 없음
정보 없음,정보 없음,정보 없음,정보 없음,정보 없음,정보 없음,정보 없음
10:00 - 22:00,10:00 - 22:00,10:00 - 22:00,10:00 - 22:00,10:00 - 22:00,10:00 - 22:00,10:00 - 22:00
정보 없음,정보 없음,정보 없음,정보 없음,정보 없음,정보 없음,정보 없음
17:00 - 02:00,17:00 - 02:00,17:00 - 02:00,17:00 - 02:00,17:00 - 02:00,16:00 - 02:00,16:00 - 02:00
정보 없음,정보 없음,정보 없음,정보 없음,정보 없음,정보 없음,정보 없음
17:00 - 01:00,17:00 - 01:00,17:00 - 01:00,17:00 - 01:00,17:00 - 02:00,16:00 - 02:00,16:00 - 01:00
정보 없음,정보 없음,정보 없음,정보 없음,정보 없음,정보 없음,정보 없음
정보 없음,정보 없음,정보 없음,정보 없음,정보 없음,정보 없음,정보 없음
정보 없음,정보 없음,정보 없음,정보 없음,정보 없음,정보 없음,정보 없음
정보 없음,16:00 - 23:00,16:00 - 23:00,16:00 - 23:00,16:00 - 24:00,16:00 - 24:00,16:00 - 23:00
정보 없음,정보 없음,정보 없음,정보 없음,정보 없음,정보 없음,정보 없음
정보 없음,정기휴무 (매주 화요일),17:00 - 01:00,17:00 - 01:00,17:00 - 01:00,14:00 - 01:00,14:00 - 01:00
17:00 - 01:00,17:00 - 01:00,17:00 - 01:00,17:00 - 01:00,17:00 - 01:00,17:00 - 01:00,정기휴무 (매주 일요일)
16:00 - 24:00,16:00 - 24:00,11:30 - 24:00,11:30 - 24:00,11:30 - 03:00,15:00 - 03:00,15:00 - 22:00
정보 없음,정보 없음,정보 없음,정보 없음,정보 없음,정보 없음,정보 없음
정보 없음,정보 없음,정보 없음,정보 없음,정보 없음,정보 없음,정보 없음
정보 없음,정보 없음,정보 없음,정보 없음,정보 없음,정보 없음,정보 없음
정보 없음,정보 없음,정보 없음,정보 없음,정보 없음,정보 없음,정보 없음
17:00 - 01:00,17:00 - 01:00,17:00 - 01:00,17:00 - 01:00,17:00 - 03:00,17:00 - 03:00,17:00 - 01:00
정기휴무 (매주 월요일),12:00 - 24:00,12:00 - 24:00,12:00 - 24:00,12:00 - 24:00,12:00 - 24:00,12:00 - 24:00
정보 없음,정보 없음,정보 없음,정보 없음,정보 없음,정보 없음,정보 없음
정보 없음,정보 없음,정보 없음,정보 없음,정보 없음,정보 없음,정보 없음
정보 없음,정보 없음,정보 없음,정보 없음,정보 없음,정보 없음,정보 없음
정보 없음,정보 없음,정보 없음,정보 없음,정보 없음,정보 없음,정보 없음
정보 없음,정보 없음,정보 없음,정보 없음,정보 없음,정보 없음,정보 없음
정보 없음,정보 없음,정보 없음,정보 없음,정보 없음,정보 없음,정보 없음
정보 없음,정보 없음,정보 없음,정보 없음,정보 없음,정보 없음,정보 없음
정보 없음,정보 없음,정보 없음,정보 없음,정보 없음,정보 없음,정보 없음
18:00 - 24:00,18:00 - 24:00,18:00 - 24:00,18:00 - 24:00,18:00 - 02:00,18:00 - 02:00,18:00 - 24:00
16:00 - 02:00,16:00 - 02:00,16:00 - 02:00,16:00 - 02:00,16:00 - 02:00,16:00 - 02:00,정기휴무 (매주 일요일)
16:00 - 02:00,16:00 - 02:00,16:00 - 02:00,16:00 - 02:00,15:00 - 03:00,15:00 - 03:00,15:00 - 03:00
정보 없음,정보 없음,정보 없음,정보 없음,정보 없음,정보 없음,정보 없음
17:30 - 04:00,17:30 - 04:00,17:30 - 04:00,17:30 - 04:00,17:30 - 04:00,17:30 - 04:00,17:30 - 04:00
15:00 - 24:00,15:00 - 24:00,15:00 - 24:00,15:00 - 24:00,15:00 - 01:00,15:00 - 01:00,15:00 - 24:00
정보 없음,정보 없음,정보 없음,정보 없음,정보 없음,정보 없음,정보 없음
16:00 - 03:00,16:00 - 03:00,정기휴무 (매주 수요일),16:00 - 03:00,16:00 - 03:00,16:00 - 03:00,16:00 - 03:00
16:00 - 02:00,16:00 - 02:00,16:00 - 02:00,16:00 - 02:00,16:00 - 02:00,16:00 - 02:00,16:00 - 02:00
정기휴무 (매주 월요일),18:00 - 01:00,18:00 - 01:00,18:00 - 01:00,18:00 - 02:00,17:00 - 02:00,17:00 - 24:00
정보 없음,정보 없음,정보 없음,정보 없음,정보 없음,정보 없음,정보 없음
정보 없음,정보 없음,정보 없음,정보 없음,정보 없음,정보 없음,정보 없음
정보 없음,정보 없음,정보 없음,정보 없음,정보 없음,정보 없음,정보 없음
10:00 - 22:00,10:00 - 22:00,10:00 - 22:00,10:00 - 22:00,10:00 - 22:00,10:00 - 22:00,10:00 - 22:00
정보 없음,정보 없음,정보 없음,정보 없음,정보 없음,정보 없음,정보 없음
정보 없음,정보 없음,정보 없음,정보 없음,정보 없음,정보 없음,정보 없음
정보 없음,정보 없음,정보 없음,정보 없음,정보 없음,정보 없음,정보 없음
정보 없음,정보 없음,정보 없음,정보 없음,정보 없음,정보 없음,정보 없음
정보 없음,정보 없음,정보 없음,정보 없음,정보 없음,정보 없음,정보 없음
17:00 - 02:00,15:00 - 02:00,15:00 - 02:00,15:00 - 02:00,15:00 - 02:00,14:00 - 02:00,14:00 - 01:00
정보 없음,정보 없음,정보 없음,정보 없음,정보 없음,정보 없음,정보 없음
정보 없음,16:00 - 23:00,16:00 - 23:00,16:00 - 23:00,16:00 - 24:00,16:00 - 24:00,16:00 - 23:00
정보 없음,정보 없음,정보 없음,정보 없음,정보 없음,정보 없음,정보 없음
정보 없음,정기휴무 (매주 화요일),17:00 - 01:00,17:00 - 01:00,17:00 - 01:00,14:00 - 01:00,14:00 - 01:00
17:00 - 23:00,17:00 - 23:00,17:00 - 23:00,17:00 - 23:00,17:00 - 23:00,16:00 - 23:00,16:00 - 23:00
17:00 - 02:30,17:00 - 02:30,17:00 - 02:30,17:00 - 02:30,17:00 - 02:30,17:00 - 02:30,17:00 - 02:30
정기휴무 (매주 월요일),17:00 - 02:00,17:00 - 02:00,17:00 - 02:00,17:00 - 02:00,17:00 - 02:00,14:00 - 24:00
정보 없음,정보 없음,정보 없음,정보 없음,정보 없음,정보 없음,정보 없음
정보 없음,정보 없음,정보 없음,정보 없음,정보 없음,정보 없음,정보 없음
정보 없음,정보 없음,정보 없음,정보 없음,정보 없음,정보 없음,정보 없음
정보 없음,정보 없음,정보 없음,정보 없음,정보 없음,정보 없음,정보 없음
정보 없음,정보 없음,정보 없음,정보 없음,정보 없음,정보 없음,정보 없음
정보 없음,정보 없음,정보 없음,정보 없음,정보 없음,정보 없음,정보 없음
18:00 - 02:00,18:00 - 02:00,18:00 - 02:00,18:00 - 02:00,18:00 - 02:00,18:00 - 02:00,18:00 - 02:00
정보 없음,정보 없음,정보 없음,정보 없음,정보 없음,정보 없음,정보 없음
정보 없음,정보 없음,정보 없음,정보 없음,정보 없음,정보 없음,정보 없음
정보 없음,정보 없음,정보 없음,정보 없음,정보 없음,20.02.28.,정보 없음
17:00 - 05:00,17:00 - 05:00,17:00 - 05:00,17:00 - 05:00,17:00 - 05:00,17:00 - 05:00,정보 없음
17:00 - 03:00,17:00 - 03:00,17:00 - 03:00,17:00 - 03:00,17:00 - 05:00,17:00 - 05:00,17:00 - 03:00
17:30 - 02:30,17:30 - 02:30,17:30 - 02:30,17:30 - 02:30,정보 없음,17:30 - 03:30,17:30 - 02:30
정보 없음,정보 없음,정보 없음,정보 없음,정보 없음,정보 없음,정보 없음
정보 없음,정보 없음,정보 없음,정보 없음,정보 없음,정보 없음,정보 없음
정보 없음,정보 없음,정보 없음,정보 없음,정보 없음,정보 없음,정보 없음
정보 없음,정보 없음,정보 없음,정보 없음,정보 없음,정보 없음,정보 없음
정보 없음,정보 없음,정보 없음,정보 없음,정보 없음,정보 없음,정보 없음
정보 없음,정보 없음,정보 없음,정보 없음,정보 없음,정보 없음,정보 없음
정보 없음,정보 없음,정보 없음,정보 없음,정보 없음,정보 없음,정보 없음
17:00 - 02:00,17:00 - 02:00,17:00 - 02:00,17:00 - 02:00,17:00 - 03:00,17:00 - 03:00,17:00 - 02:00
12:00 - 01:00,12:00 - 01:00,12:00 - 01:00,12:00 - 01:00,12:00 - 02:00,12:00 - 02:00,12:00 - 01:00
정보 없음,정보 없음,정보 없음,정보 없음,정보 없음,정보 없음,정보 없음
15:00 - 10:00,15:00 - 10:00,15:00 - 10:00,15:00 - 10:00,15:00 - 10:00,15:00 - 10:00,15:00 - 10:00
정보 없음,정보 없음,정보 없음,정보 없음,정보 없음,정보 없음,정보 없음
정보 없음,정보 없음,정보 없음,정보 없음,정보 없음,정보 없음,정보 없음
정보 없음,정보 없음,정보 없음,정보 없음,정보 없음,정보 없음,정보 없음
17:00 - 02:00,17:00 - 02:00,17:00 - 02:00,17:00 - 02:00,17:00 - 05:00,12:00 - 05:00,12:00 - 22:30
정보 없음,정보 없음,정보 없음,정보 없음,정보 없음,정보 없음,정보 없음
정보 없음,정보 없음,정보 없음,정보 없음,정보 없음,정보 없음,정보 없음
18:00 - 05:00,18:00 - 03:00,18:00 - 05:00,18:00 - 05:00,17:00 - 06:00,17:00 - 06:00,18:00 - 05:00
16:00 - 02:00,16:00 - 02:00,16:00 - 02:00,16:00 - 02:00,16:00 - 02:00,16:00 - 02:00,16:00 - 02:00
14:00 - 06:00,14:00 - 06:00,14:00 - 06:00,14:00 - 06:00,14:00 - 06:00,14:00 - 06:00,14:00 - 06:00
17:30 - 02:00,17:30 - 02:00,17:30 - 02:00,17:30 - 02:00,17:30 - 03:00,17:30 - 03:00,17:30 - 02:00
정보 없음,정보 없음,정보 없음,정보 없음,정보 없음,정보 없음,정보 없음
정보 없음,17:00 - 03:00,17:00 - 03:00,17:00 - 03:00,17:00 - 03:00,17:00 - 03:00,17:00 - 03:00
정보 없음,정보 없음,정보 없음,정보 없음,정보 없음,정보 없음,07/17-07/18
정보 없음,정보 없음,정보 없음,정보 없음,정보 없음,정보 없음,정보 없음
17:00 - 03:00,17:00 - 03:00,17:00 - 03:00,17:00 - 03:00,14:00 - 05:00,14:00 - 05:00,14:00 - 05:00
16:00 - 03:00,16:00 - 03:00,16:00 - 03:00,16:00 - 03:00,16:00 - 03:00,16:00 - 03:00,16:00 - 03:00
17:00 - 03:00,17:00 - 03:00,17:00 - 03:00,17:00 - 03:00,17:00 - 04:00,17:00 - 04:00,17:00 - 03:00
정보 없음,정보 없음,정보 없음,정보 없음,정보 없음,정보 없음,정보 없음
정보 없음,정보 없음,정보 없음,정보 없음,정보 없음,정보 없음,정보 없음
정보 없음,정보 없음,정보 없음,정보 없음,정보 없음,정보 없음,정보 없음
00:00 - 24:00,00:00 - 24:00,00:00 - 24:00,00:00 - 24:00,00:00 - 24:00,00:00 - 24:00,00:00 - 24:00
17:00 - 24:00,17:00 - 24:00,17:00 - 24:00,17:00 - 24:00,17:00 - 02:00,16:00 - 02:00,정기휴무 (매주 일요일)
18:00 - 03:00,18:00 - 03:00,18:00 - 03:00,18:00 - 03:00,18:00 - 04:00,18:00 - 04:00,18:00 - 03:00
정보 없음,정보 없음,정보 없음,정보 없음,정보 없음,정보 없음,정보 없음
정보 없음,정보 없음,정보 없음,정보 없음,정보 없음,정보 없음,정보 없음
정보 없음,정보 없음,정보 없음,정보 없음,정보 없음,정보 없음,정보 없음
정보 없음,정보 없음,정보 없음,정보 없음,정보 없음,정보 없음,정보 없음
정보 없음,정보 없음,정보 없음,정보 없음,정보 없음,정보 없음,정보 없음
정보 없음,정보 없음,정보 없음,정보 없음,정보 없음,정보 없음,정보 없음
16:00 - 05:00,16:00 - 05:00,16:00 - 05:00,16:00 - 05:00,15:00 - 05:00,15:00 - 05:00,16:00 - 05:00
정보 없음,정보 없음,정보 없음,정보 없음,정보 없음,정보 없음,정보 없음
17:00 - 03:00,17:00 - 03:00,17:00 - 03:00,17:00 - 03:00,17:00 - 03:00,17:00 - 03:00,17:00 - 03:00
17:00 - 03:00,17:00 - 03:00,17:00 - 03:00,17:00 - 03:00,17:00 - 03:00,17:00 - 03:00,정기휴무 (매주 일요일)
15:00 - 02:00,15:00 - 02:00,15:00 - 02:00,15:00 - 02:00,15:00 - 04:00,15:00 - 04:00,15:00 - 02:00
정보 없음,정보 없음,정보 없음,정보 없음,정보 없음,정보 없음,정보 없음
18:00 - 24:00,18:00 - 24:00,18:00 - 24:00,18:00 - 24:00,18:00 - 02:00,18:00 - 02:00,18:00 - 24:00
정보 없음,정보 없음,정보 없음,정보 없음,정보 없음,정보 없음,정보 없음
정보 없음,정보 없음,정보 없음,정보 없음,정보 없음,정보 없음,정보 없음
정보 없음,정보 없음,정보 없음,정보 없음,정보 없음,정보 없음,정보 없음
정보 없음,정보 없음,정보 없음,정보 없음,정보 없음,정보 없음,정보 없음
정보 없음,정보 없음,정보 없음,정보 없음,정보 없음,정보 없음,정보 없음
정기휴무 (매주 월요일),17:00 - 23:50,17:00 - 23:50,17:00 - 23:50,17:00 - 23:50,17:00 - 23:50,17:00 - 23:50
정보 없음,정보 없음,정보 없음,정보 없음,정보 없음,정보 없음,정보 없음
정보 없음,정보 없음,정보 없음,정보 없음,정보 없음,정보 없음,정보 없음
17:00 - 02:00,17:00 - 02:00,17:00 - 02:00,17:00 - 02:00,17:00 - 02:00,17:00 - 02:00,정보 없음
18:00 - 03:00,18:00 - 03:00,18:00 - 03:00,18:00 - 03:00,18:00 - 04:00,16:00 - 04:00,16:00 - 02:00
17:00 - 03:00,17:00 - 03:00,17:00 - 03:00,17:00 - 03:00,17:00 - 03:00,17:00 - 04:00,17:00 - 04:00
정보 없음,정보 없음,정보 없음,정보 없음,정보 없음,정보 없음,07/12
정기휴무 (매주 월요일),17:00 - 01:00,17:00 - 01:00,17:00 - 01:00,17:00 - 01:00,17:00 - 01:00,17:00 - 01:00
정보 없음,17:00 - 04:00,17:00 - 04:00,17:00 - 04:00,17:00 - 04:00,17:00 - 04:00,정기휴무 (매주 일요일)
16:00 - 24:00,16:00 - 24:00,16:00 - 24:00,16:00 - 24:00,16:00 - 24:00,16:00 - 24:00,정기휴무 (매주 일요일)
정보 없음,정보 없음,정보 없음,정보 없음,정보 없음,정보 없음,정보 없음
정보 없음,정보 없음,정보 없음,정보 없음,정보 없음,정보 없음,정보 없음
정보 없음,정보 없음,정보 없음,정보 없음,정보 없음,정보 없음,정보 없음
정보 없음,정보 없음,정보 없음,정보 없음,정보 없음,정보 없음,정보 없음
정보 없음,정보 없음,정보 없음,정보 없음,정보 없음,정보 없음,정보 없음
17:30 - 00:30,18:00 - 24:00,17:30 - 00:30,17:30 - 00:30,17:30 - 00:30,17:30 - 01:00,17:30 - 24:00
정보 없음,정보 없음,정보 없음,정보 없음,정보 없음,정보 없음,정보 없음
17:00 - 02:00,17:00 - 02:00,17:00 - 02:00,17:00 - 02:00,17:00 - 03:00,17:00 - 03:00,정기휴무 (매주 일요일)
16:00 - 05:00,16:00 - 05:00,16:00 - 05:00,16:00 - 05:00,16:00 - 06:50,16:00 - 06:50,16:00 - 05:00
정보 없음,정보 없음,정보 없음,정보 없음,정보 없음,정보 없음,정보 없음
정보 없음,정보 없음,정보 없음,정보 없음,정보 없음,정보 없음,정보 없음
정보 없음,정보 없음,정보 없음,정보 없음,정보 없음,정보 없음,정보 없음
17:00 - 03:00,17:00 - 03:00,17:00 - 03:00,17:00 - 03:00,17:00 - 03:00,17:00 - 03:00,정기휴무 (매주 일요일)
정보 없음,정보 없음,정보 없음,정보 없음,정보 없음,정보 없음,정보 없음
00:00 - 24:00,00:00 - 24:00,00:00 - 24:00,00:00 - 24:00,00:00 - 24:00,00:00 - 24:00,00:00 - 24:00
정보 없음,정보 없음,정보 없음,정보 없음,정보 없음,정보 없음,정보 없음
정보 없음,정보 없음,정보 없음,정보 없음,정보 없음,정보 없음,정보 없음
정보 없음,정보 없음,정보 없음,정보 없음,정보 없음,정보 없음,정보 없음
18:00 - 05:00,18:00 - 05:00,18:00 - 05:00,18:00 - 05:00,18:00 - 05:00,18:00 - 05:00,18:00 - 05:00
18:00 - 03:00,18:00 - 03:00,18:00 - 03:00,18:00 - 03:00,18:00 - 06:00,18:00 - 06:00,18:00 - 03:00
17:00 - 04:00,17:00 - 04:00,17:00 - 04:00,17:00 - 04:00,17:00 - 04:00,17:00 - 04:00,17:00 - 04:00
정보 없음,정보 없음,정보 없음,정보 없음,정보 없음,정보 없음,정보 없음
정보 없음,정보 없음,정보 없음,정보 없음,정보 없음,정보 없음,정보 없음
17:00 - 05:00,17:00 - 05:00,17:00 - 05:00,17:00 - 05:00,17:00 - 05:00,17:00 - 05:00,17:00 - 05:00
정보 없음,정보 없음,정보 없음,정보 없음,정보 없음,정보 없음,정보 없음
정보 없음,정보 없음,정보 없음,정보 없음,정보 없음,정보 없음,정보 없음
정보 없음,정보 없음,정보 없음,정보 없음,정보 없음,정보 없음,정보 없음
정보 없음,정보 없음,정보 없음,정보 없음,정보 없음,정보 없음,정보 없음
16:00 - 03:00,16:00 - 03:00,16:00 - 03:00,16:00 - 03:00,16:00 - 03:00,16:00 - 03:00,16:00 - 03:00
정보 없음,정보 없음,정보 없음,정보 없음,정보 없음,정보 없음,정보 없음
정보 없음,정보 없음,정보 없음,정보 없음,정보 없음,정보 없음,정보 없음
정보 없음,정보 없음,정보 없음,정보 없음,정보 없음,정보 없음,정보 없음
17:00 - 05:00,17:00 - 05:00,17:00 - 05:00,17:00 - 05:00,17:00 - 05:00,17:00 - 05:00,17:00 - 05:00
15:00 - 02:00,15:00 - 02:00,15:00 - 02:00,15:00 - 02:00,15:00 - 02:00,15:00 - 02:00,정보 없음
정보 없음,정보 없음,정보 없음,정보 없음,정보 없음,정보 없음,정보 없음
18:00 - 05:00,정기휴무 (매주 화요일),18:00 - 05:00,18:00 - 05:00,18:00 - 05:00,18:00 - 05:00,18:00 - 05:00
정보 없음,정보 없음,정보 없음,정보 없음,정보 없음,정보 없음,정보 없음
정보 없음,정보 없음,정보 없음,정보 없음,정보 없음,정보 없음,정보 없음
17:00 - 02:00,17:00 - 02:00,17:00 - 02:00,17:00 - 02:00,17:00 - 02:00,17:00 - 02:00,정기휴무 (매주 일요일)
정기휴무 (매주 월요일),18:00 - 24:00,18:00 - 24:00,18:00 - 24:00,17:30 - 01:00,17:30 - 01:00,정보 없음
17:00 - 24:00,17:00 - 24:00,17:00 - 24:00,17:00 - 24:00,17:00 - 24:00,17:00 - 24:00,정기휴무 (매주 일요일)
정보 없음,정보 없음,정보 없음,정보 없음,정보 없음,정보 없음,정보 없음
정기휴무 (매주 월요일),17:00 - 24:00,17:00 - 24:00,17:00 - 24:00,17:00 - 01:00,15:00 - 01:00,15:00 - 01:00
정보 없음,정보 없음,정보 없음,정보 없음,정보 없음,정보 없음,정보 없음
정보 없음,정보 없음,정보 없음,정보 없음,정보 없음,정보 없음,정보 없음
정보 없음,정보 없음,정보 없음,정보 없음,정보 없음,정보 없음,정보 없음
정보 없음,정보 없음,정보 없음,정보 없음,정보 없음,정보 없음,정보 없음
17:00 - 02:00,17:00 - 02:00,17:00 - 02:00,17:00 - 02:00,17:00 - 02:00,17:00 - 02:00,17:00 - 02:00
18:00 - 01:00,18:00 - 01:00,18:00 - 01:00,18:00 - 01:00,18:00 - 02:00,18:00 - 02:00,정기휴무 (매주 일요일)
정보 없음,16:30 - 02:00,16:30 - 02:00,16:30 - 02:00,16:30 - 02:00,15:30 - 02:00,15:30 - 02:00
정보 없음,정보 없음,정보 없음,정보 없음,정보 없음,정보 없음,정보 없음
17:30 - 03:00,17:30 - 03:00,17:30 - 03:00,17:30 - 03:00,17:30 - 03:00,17:30 - 03:00,17:30 - 03:00
17:00 - 24:00,17:00 - 24:00,17:00 - 01:00,17:00 - 01:00,17:00 - 01:00,16:00 - 01:00,16:00 - 24:00
정보 없음,정보 없음,정보 없음,정보 없음,정보 없음,정보 없음,정보 없음
17:00 - 02:00,17:00 - 02:00,17:00 - 02:00,17:00 - 02:00,16:00 - 02:00,16:00 - 02:00,16:00 - 02:00
정보 없음,정보 없음,정보 없음,정보 없음,정보 없음,정보 없음,07/16
17:00 - 12:30,17:00 - 12:30,17:00 - 12:30,17:00 - 12:30,17:00 - 02:00,17:00 - 02:00,17:00 - 12:30
정기휴무 (매주 월요일),18:00 - 04:00,18:00 - 04:00,18:00 - 04:00,19:00 - 06:00,19:00 - 06:00,18:00 - 02:00
15:00 - 02:00,15:00 - 02:00,15:00 - 02:00,15:00 - 02:00,15:00 - 02:00,15:00 - 02:00,15:00 - 02:00
18:00 - 05:00,18:00 - 05:00,18:00 - 05:00,18:00 - 05:00,18:00 - 06:00,18:00 - 06:00,18:00 - 05:00
정보 없음,정보 없음,정보 없음,정보 없음,정보 없음,정보 없음,정보 없음
정보 없음,정보 없음,정보 없음,정보 없음,정보 없음,정보 없음,정보 없음
17:00 - 24:00,17:00 - 24:00,17:00 - 24:00,17:00 - 24:00,17:00 - 24:00,17:00 - 24:00,17:00 - 24:00
정기휴무 (매주 월요일),18:00 - 01:00,정보 없음,18:00 - 01:00,18:00 - 02:00,18:00 - 02:00,18:00 - 24:00
16:00 - 02:00,16:00 - 02:00,16:00 - 02:00,16:00 - 02:00,14:00 - 06:00,14:00 - 06:00,16:00 - 02:00
정기휴무 (매주 월요일),18:00 - 02:00,18:00 - 02:00,18:00 - 02:00,18:00 - 02:00,18:00 - 02:00,18:00 - 02:00
정보 없음,정보 없음,정보 없음,정보 없음,정보 없음,정보 없음,정보 없음
17:00 - 01:00,17:00 - 01:00,17:00 - 01:00,17:00 - 01:00,17:00 - 01:00,14:00 - 01:00,14:00 - 01:00
17:00 - 02:00,17:00 - 02:00,17:00 - 02:00,17:00 - 02:00,17:00 - 03:00,17:00 - 03:00,17:00 - 02:00
정보 없음,정보 없음,정보 없음,정보 없음,정보 없음,정보 없음,정보 없음
정보 없음,정보 없음,정보 없음,정보 없음,정보 없음,정보 없음,정보 없음
16:30 - 01:00,16:30 - 01:00,16:30 - 01:00,16:30 - 01:00,16:30 - 01:00,16:30 - 01:00,16:30 - 01:00
정보 없음,정보 없음,정보 없음,정보 없음,정보 없음,정보 없음,정보 없음
정보 없음,정보 없음,정보 없음,정보 없음,정보 없음,정보 없음,정보 없음
정보 없음,정보 없음,정보 없음,정보 없음,정보 없음,정보 없음,정보 없음
17:00 - 02:00,17:00 - 02:00,17:00 - 02:00,17:00 - 02:00,17:00 - 04:00,17:00 - 04:00,17:00 - 02:00
정보 없음,정보 없음,정보 없음,정보 없음,정보 없음,정보 없음,정보 없음
정보 없음,정보 없음,정보 없음,정보 없음,정보 없음,정보 없음,정보 없음
정보 없음,정보 없음,정보 없음,정보 없음,정보 없음,정보 없음,정보 없음
정보 없음,정보 없음,정보 없음,정보 없음,정보 없음,정보 없음,정보 없음
정보 없음,정보 없음,정보 없음,정보 없음,정보 없음,정보 없음,정보 없음
17:00 - 01:00,17:00 - 01:00,17:00 - 01:00,17:00 - 01:00,17:00 - 01:00,17:00 - 01:00,17:00 - 01:00
